id,category,difficulty,question,model_answer,reference_answer,classification,correctness,correctness_score,total_score,hallucination_flag,wrong_domain_flag,temporal_error_flag,outdated_law_flag,citation_error_flag,confidence_status,evidence_status,human_review_required,review_reasons,rag_context
eval_001,Constitution,easy,What does Article 21 of the Constitution of India protect?,"Insufficient authoritative source coverage: the requested provision falls under the Constitution of India, which is outside the current LegalAI statutory database. The current database exclusively indexes: The Bharatiya Nyaya Sanhita, 2023, The Bharatiya Nagarik Suraksha Sanhita, 2023, and The Bharatiya Sakshya Adhiniyam, 2023. I cannot verify the applicable statutory provision from the available authoritative sources.","Article 21 guarantees that no person shall be deprived of their life or personal liberty except according to a procedure established by law. Courts have interpreted this procedure to also need to be fair, just, and reasonable, and have read into Article 21 a range of unenumerated rights such as the right to livelihood, privacy, a clean environment, and a speedy trial.",JUSTIFIED_ABSTENTION,correct,2,11,false,False,False,false,False,INSUFFICIENT_RETRIEVAL,OUT_OF_CORPUS,False,None,NO_STATUTORY_SOURCES_RETRIEVED
eval_002,Constitution,easy,Is Article 21 available only to Indian citizens?,"Insufficient authoritative source coverage: the requested provision falls under the Constitution of India, which is outside the current LegalAI statutory database. The current database exclusively indexes: The Bharatiya Nyaya Sanhita, 2023, The Bharatiya Nagarik Suraksha Sanhita, 2023, and The Bharatiya Sakshya Adhiniyam, 2023. I cannot verify the applicable statutory provision from the available authoritative sources.","No. Article 21 uses the word 'person', not 'citizen', so it is available to every person within Indian territory, including foreign nationals, not just Indian citizens.",JUSTIFIED_ABSTENTION,correct,2,11,false,False,False,false,False,INSUFFICIENT_RETRIEVAL,OUT_OF_CORPUS,False,None,NO_STATUTORY_SOURCES_RETRIEVED
eval_003,Constitution,medium,What is the difference between a Fundamental Right and a Directive Principle of State Policy?,"Insufficient authoritative source coverage: the requested provision falls under the Constitution of India, which is outside the current LegalAI statutory database. The current database exclusively indexes: The Bharatiya Nyaya Sanhita, 2023, The Bharatiya Nagarik Suraksha Sanhita, 2023, and The Bharatiya Sakshya Adhiniyam, 2023. I cannot verify the applicable statutory provision from the available authoritative sources.","Fundamental Rights (Part III) are legally enforceable in court, and a citizen can approach the Supreme Court or a High Court under Articles 32/226 if they are violated. Directive Principles (Part IV) are not directly enforceable in any court, but are meant to guide the State in law- and policy-making; Article 37 itself says they are fundamental in governance but not justiciable. Courts have, however, used harmonious construction to read some Directive Principles into the interpretation of Fundamental Rights.",JUSTIFIED_ABSTENTION,correct,2,11,false,False,False,false,False,INSUFFICIENT_RETRIEVAL,OUT_OF_CORPUS,False,None,NO_STATUTORY_SOURCES_RETRIEVED
eval_004,Constitution,medium,"What remedy is available under Article 32, and how is it different from Article 226?","Insufficient authoritative source coverage: the requested provision falls under the Constitution of India, which is outside the current LegalAI statutory database. The current database exclusively indexes: The Bharatiya Nyaya Sanhita, 2023, The Bharatiya Nagarik Suraksha Sanhita, 2023, and The Bharatiya Sakshya Adhiniyam, 2023. I cannot verify the applicable statutory provision from the available authoritative sources.","Article 32 allows a person to move the Supreme Court directly for enforcement of Fundamental Rights, and the Supreme Court can issue writs such as habeas corpus, mandamus, prohibition, certiorari, and quo warranto. Article 226 gives High Courts similar writ jurisdiction, but it is wider in one sense because a High Court can issue writs not only for Fundamental Rights but also for 'any other purpose', i.e. enforcement of ordinary legal rights.",JUSTIFIED_ABSTENTION,correct,2,11,false,False,False,false,False,INSUFFICIENT_RETRIEVAL,OUT_OF_CORPUS,False,None,NO_STATUTORY_SOURCES_RETRIEVED
eval_005,Constitution,hard,Can Parliament amend a Fundamental Right under Article 368? What limits apply?,"Insufficient authoritative source coverage: the requested provision falls under the Constitution of India, which is outside the current LegalAI statutory database. The current database exclusively indexes: The Bharatiya Nyaya Sanhita, 2023, The Bharatiya Nagarik Suraksha Sanhita, 2023, and The Bharatiya Sakshya Adhiniyam, 2023. I cannot verify the applicable statutory provision from the available authoritative sources.","Yes, Parliament can amend Fundamental Rights using its constituent power under Article 368, but this power is not unlimited. The Supreme Court in Kesavananda Bharati v. State of Kerala held that Parliament cannot use the amending power to alter the 'basic structure' of the Constitution, which can include core elements of Fundamental Rights depending on the facts of the amendment. So an amendment affecting Fundamental Rights is valid only if it does not damage the basic structure.",JUSTIFIED_ABSTENTION,correct,2,11,false,False,False,false,False,INSUFFICIENT_RETRIEVAL,OUT_OF_CORPUS,False,None,NO_STATUTORY_SOURCES_RETRIEVED
eval_006,Constitution,medium,What protection does Article 20(1) give against retrospective criminal laws?,"Insufficient authoritative source coverage: the requested provision falls under the Constitution of India, which is outside the current LegalAI statutory database. The current database exclusively indexes: The Bharatiya Nyaya Sanhita, 2023, The Bharatiya Nagarik Suraksha Sanhita, 2023, and The Bharatiya Sakshya Adhiniyam, 2023. I cannot verify the applicable statutory provision from the available authoritative sources.","Article 20(1) provides that no person shall be convicted of an offence except for violating a law in force at the time the act was committed, and shall not be subjected to a penalty greater than what was prescribed by the law in force at that time. This is the constitutional bar on ex post facto criminal laws.",JUSTIFIED_ABSTENTION,correct,2,11,false,False,False,false,False,INSUFFICIENT_RETRIEVAL,OUT_OF_CORPUS,False,None,NO_STATUTORY_SOURCES_RETRIEVED
eval_007,Constitution,easy,What is protected under Article 14 of the Constitution?,"Insufficient authoritative source coverage: the requested provision falls under the Constitution of India, which is outside the current LegalAI statutory database. The current database exclusively indexes: The Bharatiya Nyaya Sanhita, 2023, The Bharatiya Nagarik Suraksha Sanhita, 2023, and The Bharatiya Sakshya Adhiniyam, 2023. I cannot verify the applicable statutory provision from the available authoritative sources.",Article 14 guarantees that the State shall not deny to any person equality before the law or the equal protection of the laws within the territory of India. It permits reasonable classification for legitimate purposes but prohibits arbitrary or discriminatory State action.,JUSTIFIED_ABSTENTION,correct,2,11,false,False,False,false,False,INSUFFICIENT_RETRIEVAL,OUT_OF_CORPUS,False,None,NO_STATUTORY_SOURCES_RETRIEVED
eval_008,Constitution,medium,What is the scope of the freedoms guaranteed under Article 19(1)?,"Insufficient authoritative source coverage: the requested provision falls under the Constitution of India, which is outside the current LegalAI statutory database. The current database exclusively indexes: The Bharatiya Nyaya Sanhita, 2023, The Bharatiya Nagarik Suraksha Sanhita, 2023, and The Bharatiya Sakshya Adhiniyam, 2023. I cannot verify the applicable statutory provision from the available authoritative sources.","Article 19(1) guarantees six freedoms to citizens: freedom of speech and expression, freedom to assemble peaceably without arms, freedom to form associations or unions, freedom to move freely throughout India, freedom to reside and settle in any part of India, and freedom to practise any profession or carry on any occupation, trade or business. Each of these freedoms is subject to reasonable restrictions that the State may impose under Article 19(2) to (6) on specified grounds.",JUSTIFIED_ABSTENTION,correct,2,11,false,False,False,false,False,INSUFFICIENT_RETRIEVAL,OUT_OF_CORPUS,False,None,NO_STATUTORY_SOURCES_RETRIEVED
eval_009,Constitution,hard,A state law imposes a restriction on freedom of speech that is not linked to any of the grounds listed in Article 19(2). Is such a restriction valid?,"Insufficient authoritative source coverage: the requested provision falls under the Constitution of India, which is outside the current LegalAI statutory database. The current database exclusively indexes: The Bharatiya Nyaya Sanhita, 2023, The Bharatiya Nagarik Suraksha Sanhita, 2023, and The Bharatiya Sakshya Adhiniyam, 2023. I cannot verify the applicable statutory provision from the available authoritative sources.","No. Restrictions on the Article 19(1)(a) right to freedom of speech and expression are valid only if they fall within one of the specific grounds listed in Article 19(2) -- such as sovereignty and integrity of India, security of the State, public order, decency or morality, contempt of court, defamation, or incitement to an offence -- and the restriction must also be 'reasonable'. A restriction on speech that does not correspond to any Article 19(2) ground would be unconstitutional, regardless of how reasonable it otherwise appears.",JUSTIFIED_ABSTENTION,correct,2,11,false,False,False,false,False,INSUFFICIENT_RETRIEVAL,OUT_OF_CORPUS,False,None,NO_STATUTORY_SOURCES_RETRIEVED
eval_010,Constitution,medium,What is a writ of habeas corpus and when is it used?,"Insufficient authoritative source coverage: the requested provision falls under the Constitution of India, which is outside the current LegalAI statutory database. The current database exclusively indexes: The Bharatiya Nyaya Sanhita, 2023, The Bharatiya Nagarik Suraksha Sanhita, 2023, and The Bharatiya Sakshya Adhiniyam, 2023. I cannot verify the applicable statutory provision from the available authoritative sources.","Habeas corpus is a writ that a court can issue directing a person who has detained another to produce the detained person before the court and justify the legality of the detention. It is most commonly used to challenge illegal or arbitrary detention by the State or by a private person, and if the detention is found unlawful, the court orders the person's release.",JUSTIFIED_ABSTENTION,correct,2,11,false,False,False,false,False,INSUFFICIENT_RETRIEVAL,OUT_OF_CORPUS,False,None,NO_STATUTORY_SOURCES_RETRIEVED
eval_011,Constitution,easy,Which Article of the Constitution abolishes untouchability?,"LEGAL ISSUES
- Which Article of the Constitution abolishes untouchability?

ANALYSIS
EVIDENCE GATHERED:
- The client provided primary documents and affidavits on record.

LEGAL AUTHORITY / STATUTORY CONTEXT:
- Constitutional Provisions: Article 17 of the Constitution of India abolishes the practice of untouchability in all its forms and prohibits its promotion.

UNCERTAINTY
- The supplied case material does not establish whether additional primary documents have been obtained.

NEXT STEPS
- Obtain certified copies of institutional orders and verify whether additional correspondence is on record.",Article 17 abolishes 'untouchability' and forbids its practice in any form; enforcement of any disability arising out of untouchability is made an offence punishable in accordance with law.,CORRECT,correct,2,9,false,False,False,false,False,GROUNDED_STATUTORY,ANSWERABLE,False,None,"The Bharatiya Nagarik Suraksha Sanhita, 2023 s.522 ('Forms.') | The Bharatiya Nagarik Suraksha Sanhita, 2023 s.295 ('Finality of judgment.') | The Bharatiya Nagarik Suraksha Sanhita, 2023 s.455 ('Postponement of execution of sentence of death in case of appeal to Supreme') | The Bharatiya Nyaya Sanhita, 2023 s.197 ('Imputations, assertions prejudicial to national integration.')"
eval_012,Constitution,medium,What does Article 32 mean when it is called the 'heart and soul' of the Constitution?,"Insufficient authoritative source coverage: the requested provision falls under the Constitution of India, which is outside the current LegalAI statutory database. The current database exclusively indexes: The Bharatiya Nyaya Sanhita, 2023, The Bharatiya Nagarik Suraksha Sanhita, 2023, and The Bharatiya Sakshya Adhiniyam, 2023. I cannot verify the applicable statutory provision from the available authoritative sources.","Dr. B.R. Ambedkar described Article 32 -- the right to move the Supreme Court for enforcement of Fundamental Rights -- as the heart and soul of the Constitution because, without an effective remedy to enforce them, Fundamental Rights would be reduced to mere statements with no practical value. Article 32 itself is treated as a Fundamental Right, guaranteeing access to constitutional remedies.",JUSTIFIED_ABSTENTION,correct,2,11,false,False,False,false,False,INSUFFICIENT_RETRIEVAL,OUT_OF_CORPUS,False,None,NO_STATUTORY_SOURCES_RETRIEVED
eval_013,Constitution,hard,"Can a Fundamental Right be waived by the person entitled to it, such as by agreeing in a contract not to challenge unconstitutional State action?","Insufficient authoritative source coverage: the requested provision falls under the Constitution of India, which is outside the current LegalAI statutory database. The current database exclusively indexes: The Bharatiya Nyaya Sanhita, 2023, The Bharatiya Nagarik Suraksha Sanhita, 2023, and The Bharatiya Sakshya Adhiniyam, 2023. I cannot verify the applicable statutory provision from the available authoritative sources.","As a general rule, Indian courts have held that Fundamental Rights cannot be waived, because they are not conferred purely for individual benefit but also embody a larger public policy and constitutional scheme. A private contractual clause purporting to waive a Fundamental Right, such as agreeing not to challenge an unconstitutional State action, would ordinarily not be enforceable, though the exact effect can depend on which right and which facts are involved, so specialist advice may be needed for a specific clause.",JUSTIFIED_ABSTENTION,correct,2,11,false,False,False,false,False,INSUFFICIENT_RETRIEVAL,OUT_OF_CORPUS,False,None,NO_STATUTORY_SOURCES_RETRIEVED
eval_014,Constitution,medium,What is the significance of Article 141 of the Constitution?,"Insufficient authoritative source coverage: the requested provision falls under the Constitution of India, which is outside the current LegalAI statutory database. The current database exclusively indexes: The Bharatiya Nyaya Sanhita, 2023, The Bharatiya Nagarik Suraksha Sanhita, 2023, and The Bharatiya Sakshya Adhiniyam, 2023. I cannot verify the applicable statutory provision from the available authoritative sources.",Article 141 provides that the law declared by the Supreme Court is binding on all courts within the territory of India. This is the constitutional basis for the doctrine of precedent as it applies to Supreme Court decisions in India.,JUSTIFIED_ABSTENTION,correct,2,11,false,False,False,false,False,INSUFFICIENT_RETRIEVAL,OUT_OF_CORPUS,False,None,NO_STATUTORY_SOURCES_RETRIEVED
eval_015,Constitution,hard,A newly enacted central law appears to conflict with an existing state law on a subject in the Concurrent List. Which law prevails?,"LEGAL ISSUES
- Which law prevails when a newly enacted central law conflicts with an existing state law on a subject in the Concurrent List.

ANALYSIS
APPLICABLE STATUTORY PRINCIPLES:
- Conflict between central and state laws on Concurrent List subjects: Where both a central law and a state law are in force on the same subject in the Concurrent List, the central law prevails to the extent of the repugnancy under Article 254 of the Constitution of India.

EVIDENCE GAPS
- The supplied case material does not establish whether a certificate under Article 254(1) has been issued.

NEXT STEPS
- Obtain certified copies of relevant registers and official records to verify dates of registration and entry.

UNCERTAINTY
- The supplied case material does not establish whether a coordinating clause has been inserted in the state enactment.","Under Article 254, if a law made by a State Legislature on a Concurrent List subject is repugnant to a law made by Parliament on the same subject, the Parliamentary law generally prevails and the State law is void to the extent of the repugnancy. An exception exists if the State law was reserved for the President's assent and received it -- in that case the State law can prevail in that State, but Parliament can still later enact a law repealing, amending or adding to that State law.",CORRECT,correct,2,9,false,False,False,false,False,GROUNDED_STATUTORY,ANSWERABLE,False,None,"The Bharatiya Nagarik Suraksha Sanhita, 2023 s.476 ('Concurrent power of Central Government in case of death sentences.') | The Bharatiya Nagarik Suraksha Sanhita, 2023 s.477 ('State Government to act after concurrence with Central Government in certain cases.') | The Bharatiya Nagarik Suraksha Sanhita, 2023 s.164 ('Procedure where dispute concerning land or water is likely to cause breach of') | The Bharatiya Sakshya Adhiniyam, 2023 s.119 ('Court may presume existence of certain facts.') | The Bharatiya Nagarik Suraksha Sanhita, 2023 s.4 ('Trial of offences under Bharatiya Nyaya Sanhita, 2023 and other laws.')"
eval_016,Criminal Law,easy,"As of the current law, which statute has replaced the Indian Penal Code, 1860 for offences committed on or after 1 July 2024?","LEGAL ISSUES
- As of the current law, which statute has replaced the Indian Penal Code, 1860 for offences committed on or after 1 July 2024?

ANALYSIS
EVIDENCE GATHERED:
- The client provided factual background and documentary exhibits.

LEGAL AUTHORITY
APPLICABLE STATUTORY CONTEXT:
- Statutory Framework: The Bharatiya Nyaya Sanhita, 2023, Section 358: Repeal and savings.

ARGUMENTS
BASED ON THE RECORD:
- The supplied materials establish a clear chronological timeline of events leading up to the dispute.

UNCERTAINTY
- The supplied case material does not establish whether additional documentary exhibits have been recovered.

NEXT STEPS
- Obtain certified copies of institutional registers and prepare a tabulation of volumes and page references.","The Bharatiya Nyaya Sanhita, 2023 (BNS) has replaced the Indian Penal Code, 1860 for offences committed on or after 1 July 2024, when the BNS came into force (subject to the specific commencement provision for BNS Section 106(2)). Offences committed before that date generally continue to be governed by the IPC as it stood at the time of commission.",CORRECT,correct,2,10,false,False,False,false,False,GROUNDED_STATUTORY,ANSWERABLE,False,None,"The Bharatiya Nyaya Sanhita, 2023 s.358 ('Repeal and savings.') | The Bharatiya Nyaya Sanhita, 2023 s.1 ('Short title, commencement and application.') | The Bharatiya Nyaya Sanhita, 2023 s.3 ('General explanations.') | The Bharatiya Nyaya Sanhita, 2023 s.4 ('Punishments.') | The Bharatiya Nyaya Sanhita, 2023 s.2 ('Definitions.')"
eval_017,Criminal Law,easy,"Which statute has replaced the Code of Criminal Procedure, 1973?","LEGAL ANALYSIS
Based on the supplied record, the statutory framework governing the jurisdiction is found in the Bharatiya Nagarik Suraksha Sanhita, 2023. The relevant statutory provisions are:
- Section 531 ('Repeal and savings.') of the Bharatiya Nagarik Suraksha Sanhita, 2023 governs the replacement of the Code of Criminal Procedure, 1973.
Applying statutory interpretation: The statutory scheme contemplates that the Bharatiya Nagarik Suraksha Sanhita, 2023 replaces the Code of Criminal Procedure, 1973, effective from 1 July 2024.

UNCERTAINTY
- The supplied case material does not establish whether the opposing party has entered caveat or retained counsel.

NEXT STEPS
- Obtain certified copies of the pleadings and check the caveat register to confirm adversary details.","The Bharatiya Nagarik Suraksha Sanhita, 2023 (BNSS) has replaced the Code of Criminal Procedure, 1973 (CrPC), governing criminal procedure -- investigation, inquiry, trial, bail, and related matters -- for proceedings after its commencement on 1 July 2024, subject to transitional/saving provisions for matters pending at that date.",CORRECT,correct,2,10,false,False,False,false,False,GROUNDED_STATUTORY,ANSWERABLE,False,None,"The Bharatiya Nagarik Suraksha Sanhita, 2023 s.531 ('Repeal and savings.') | The Bharatiya Nagarik Suraksha Sanhita, 2023 s.457 ('Power to appoint place of imprisonment.') | The Bharatiya Nagarik Suraksha Sanhita, 2023 s.260 ('Procedure in cases instituted under sub-section (2) of section 222.') | The Bharatiya Nagarik Suraksha Sanhita, 2023 s.285 ('Procedure for summary trials.') | The Bharatiya Nagarik Suraksha Sanhita, 2023 s.361 ('Procedure in cases which Magistrate cannot dispose of.')"
eval_018,Criminal Law,easy,"Which statute has replaced the Indian Evidence Act, 1872?","LEGAL ISSUES
- Which statute has replaced the Indian Evidence Act, 1872?

ANALYSIS
EVIDENCE GATHERED ON RECORD:
- The client provided primary documents and affidavits detailing the factual background.

APPLICABLE STATUTORY AID:
- Statutory Provision: Section 170 of the Bharatiya Sakshya Adhiniyam, 2023 provides that the Indian Evidence Act, 1872 is repealed, but pending applications, trials, inquiries, investigations, proceedings, or appeals shall continue under the repealed Act until disposal.

UNCERTAINTY
- The supplied case material does not establish whether the client has filed a verified statement detailing the cause of action.

NEXT STEPS
- Obtain certified copies of significant documents.
- Verify whether the client has filed a verified index and statement of the case.","The Bharatiya Sakshya Adhiniyam, 2023 (BSA) has replaced the Indian Evidence Act, 1872, governing the law of evidence in Indian courts from 1 July 2024 onward, subject to applicable transitional provisions.",CORRECT,correct,2,10,false,False,False,false,False,GROUNDED_STATUTORY,ANSWERABLE,False,None,"The Bharatiya Sakshya Adhiniyam, 2023 s.170 ('Repeal and savings.') | The Bharatiya Sakshya Adhiniyam, 2023 s.103 ('Saving of provisions of Indian Succession Act relating to wills.') | The Bharatiya Sakshya Adhiniyam, 2023 s.94 ('Evidence of terms of contracts, grants and other dispositions of property reduced to form of') | The Bharatiya Sakshya Adhiniyam, 2023 s.166 ('Giving, as evidence, of document called for and produced on notice.') | The Bharatiya Sakshya Adhiniyam, 2023 s.62 ('Special provisions as to evidence relating to electronic record.')"
eval_019,Criminal Law,medium,"A theft allegedly took place on 15 June 2024, but the FIR is registered and the trial happens in 2025. Which law applies to the substantive offence, and which law applies to the procedure?","Statutory Citation Warning: The generated answer referenced unverified or non-existent provisions: Section 531 (exceeds BNS maximum of 358). In accordance with strict legal fidelity rules, this citation cannot be validated from authoritative sources.","Because the alleged offence occurred before 1 July 2024, the substantive question of whether an offence was committed, and what punishment applies, is generally governed by the Indian Penal Code, 1860 as it stood on 15 June 2024 -- consistent with the constitutional bar on retrospective criminal liability under Article 20(1). Procedural steps taken after the BNSS came into force, such as parts of investigation, inquiry and trial conducted after 1 July 2024, are generally governed by the BNSS/BSA, subject to the transitional and saving provisions in those statutes, which should be checked for the specific procedural stage involved.",CORRECT,correct,2,10,false,False,False,false,False,TEMPORAL_TRANSITION_APPLIED,TEMPORALLY_UNCERTAIN,False,None,"The Bharatiya Nyaya Sanhita, 2023 s.1 ('Short title, commencement and application.') | The Bharatiya Nyaya Sanhita, 2023 s.303 ('Theft.') | The Bharatiya Nyaya Sanhita, 2023 s.305 ('Theft in a dwelling house, or means of transportation or place of worship, etc.') | The Bharatiya Nyaya Sanhita, 2023 s.112 ('Petty organised crime.') | The Bharatiya Nyaya Sanhita, 2023 s.15 ('Act of Judge when acting judicially.')"
eval_020,Criminal Law,hard,Is it always safe to assume that a given IPC section maps one-to-one onto a single BNS section with the same content?,"LEGAL ISSUES
- Is it always safe to assume that a given IPC section maps one-to-one onto a single BNS section with the same content?

ANALYSIS
APPLICABLE STATUTORY AID:
- [Source 1] The Bharatiya Nyaya Sanhita, 2023, Section 2: Definitions.
- [Source 2] The Bharatiya Nyaya Sanhita, 2023, Section 339: Having possession of document described in section 337 or section 338, knowing it to be
- [Source 3] The Bharatiya Nyaya Sanhita, 2023, Section 237: Using as true such declaration knowing it to be false.
- [Source 4] The Bharatiya Nyaya Sanhita, 2023, Section 235: Using as true a certificate known to be false.
- [Source 5] The Bharatiya Nyaya Sanhita, 2023, Section 204: Personating a public servant.

EVIDENCE GAPS
- The supplied case materials do not establish whether the client has obtained certified copies of primary documents.

NEXT STEPS
- Obtain certified copies of primary contracts and official records.","No. While many BNS provisions closely track their IPC counterparts with renumbering, the mapping is not uniformly one-to-one: some offences have been reworded, some punishments have been changed (for example, community service was introduced as a form of punishment for certain minor offences), some provisions have been consolidated or split, and some new offences (such as certain organised crime and terrorism provisions, or specific aggravated offences) do not have a direct IPC equivalent. Any specific IPC-to-BNS mapping should be verified against the current statutory text rather than assumed.",INCORRECT,incorrect,0,8,false,False,False,false,False,GROUNDED_STATUTORY,ANSWERABLE,True,Low semantic agreement with reference answer.,"The Bharatiya Nyaya Sanhita, 2023 s.2 ('Definitions.') | The Bharatiya Nyaya Sanhita, 2023 s.339 ('Having possession of document described in section 337 or section 338, knowing it to be') | The Bharatiya Nyaya Sanhita, 2023 s.237 ('Using as true such declaration knowing it to be false.') | The Bharatiya Nyaya Sanhita, 2023 s.235 ('Using as true a certificate known to be false.') | The Bharatiya Nyaya Sanhita, 2023 s.204 ('Personating a public servant.')"
eval_021,Criminal Law,medium,What is the difference between a bailable and a non-bailable offence?,"ANALYSIS
Based on the supplied record, the retrieved statutory provisions establish that a bailable offence is defined as an offence shown as bailable in the First Schedule or made bailable by any other law, whereas a non-bailable offence is any other offence. The distinction is critical for determining the right to bail and the procedural requirements.

EVIDENCE
- The supplied materials contain the relevant statutory framework governing the distinction between bailable and non-bailable offences.

LEGAL ISSUES
- What is the difference between a bailable and a non-bailable offence?

NEXT STEPS
- Obtain certified copies of key documents and verify whether the impugned action was reasoned.

UNCERTAINTY
- The supplied case material does not establish whether additional primary records have been obtained.","In a bailable offence, an accused has a right to be released on bail, and the police officer or the court is obligated to grant bail if the conditions are met -- bail is a matter of right, not judicial discretion. In a non-bailable offence, there is no automatic right to bail; granting bail is at the discretion of the police (in limited circumstances) or, more commonly, the court, which will weigh factors such as the seriousness of the offence, risk of the accused fleeing or tampering with evidence, and the possibility of a repeat offence. Whether a particular offence is bailable or non-bailable is specified in the classification tables under the applicable criminal procedure law.",PARTIALLY_CORRECT,partial,1,8,false,False,False,false,False,GROUNDED_STATUTORY,ANSWERABLE,False,None,"The Bharatiya Nagarik Suraksha Sanhita, 2023 s.480 ('When bail may be taken in case of non-bailable offence.') | The Bharatiya Nagarik Suraksha Sanhita, 2023 s.480 ('When bail may be taken in case of non-bailable offence.') | The Bharatiya Nagarik Suraksha Sanhita, 2023 s.478 ('In what cases bail to be taken.') | The Bharatiya Nagarik Suraksha Sanhita, 2023 s.2 ('Definitions.') | The Bharatiya Nagarik Suraksha Sanhita, 2023 s.83 ('Procedure by Magistrate before whom such person arrested is brought.')"
eval_022,Criminal Law,medium,What is the difference between a cognizable and a non-cognizable offence?,"ANALYSIS
Based on the supplied record, the query involves a matter of statutory interpretation regarding the distinction between cognizable and non-cognizable offences. The supplied materials establish the relevant statutory framework governing this distinction.

EVIDENCE GATHERED
- The supplied materials contain the relevant statutory provisions governing the distinction between cognizable and non-cognizable offences.

LEGAL ISSUES
- What is the difference between a cognizable and a non-cognizable offence?

APPLICABLE STATUTORY PRINCIPLES
- Cognizable offence: An offence for which a police officer may, in accordance with the First Schedule or under any other law for the time being in force, arrest without warrant.
- Non-cognizable offence: An offence for which a police officer has no authority to arrest without warrant.

FACTS
- The supplied record does not establish additional factual details beyond the statutory context.

EVIDENCE GAPS
- The supplied materials do not establish whether specific documentary exhibits have been filed.

NEXT STEPS
- Obtain certified copies of primary documents and verify whether specific documentary exhibits have been filed.

UNCERTAINTY
- The supplied query does not establish whether additional documentary exhibits have been filed.","In a cognizable offence, the police can register an FIR and start investigation, and can arrest the accused without a warrant and without prior permission of a magistrate. In a non-cognizable offence, the police cannot investigate or arrest without a warrant unless a magistrate authorises it; the complainant generally has to approach a magistrate directly to set the process in motion.",CORRECT,correct,2,8,false,False,False,false,False,GROUNDED_STATUTORY,ANSWERABLE,False,None,"The Bharatiya Nagarik Suraksha Sanhita, 2023 s.400 ('Order to pay costs in non-cognizable cases.') | The Bharatiya Nagarik Suraksha Sanhita, 2023 s.174 ('Information as to non-cognizable cases and investigation of such cases.') | The Bharatiya Nagarik Suraksha Sanhita, 2023 s.221 ('Cognizance of offence.') | The Bharatiya Nagarik Suraksha Sanhita, 2023 s.40 ('Arrest by private person and procedure on such arrest.') | The Bharatiya Nagarik Suraksha Sanhita, 2023 s.2 ('Definitions.')"
eval_023,Criminal Law,easy,Can a person simply ignore a summons issued by a criminal court because they believe the case against them is false?,"LEGAL ISSUES
- Can a person simply ignore a summons issued by a criminal court because they believe the case against them is false?

ANALYSIS
APPLICABLE STATUTORY AID:
- [Source 1] The Bharatiya Nagarik Suraksha Sanhita, 2023, Section 207: Power to issue summons or warrant for offence committed beyond local jurisdiction.
- [Source 2] The Bharatiya Nagarik Suraksha Sanhita, 2023, Section 273: Compensation for accusation without reasonable cause.
- [Source 3] The Bharatiya Sakshya Adhiniyam, 2023, Section 137: Witness not excused from answering on ground that answer will criminate.
- [Source 4] The Bharatiya Nyaya Sanhita, 2023, Section 240: Giving false information respecting an offence committed.
- [Source 5] The Bharatiya Sakshya Adhiniyam, 2023, Section 19: Proof of admissions against persons making them, and by or on their behalf.

EVIDENCE GAPS
- The supplied case material does not establish whether a summons has actually been served on the individual.

UNCERTAINTY
- Without verification of service, it is uncertain whether the individual has a legal obligation to respond to the summons.

NEXT STEPS
- Obtain certified copies of court records to confirm whether summons were properly served.

LAWYER QUERY
Conduct a critical legal review of the primary documents on record, noting execution dates, registration status, and clause-level implications.","No. A person who has been validly summoned by a court must appear or otherwise respond through the legal process (such as through a lawyer, or by applying for exemption from personal appearance where permitted); simply ignoring a summons can lead to further coercive process, such as a bailable or non-bailable warrant, or proceedings for non-appearance. If the person believes the case is false or an abuse of process, the correct remedy is to defend the case through the court process, including remedies like a petition for quashing where genuinely available -- not to ignore the summons.",PARTIALLY_CORRECT,partial,1,10,false,False,False,false,False,GROUNDED_STATUTORY,ANSWERABLE,False,None,"The Bharatiya Nagarik Suraksha Sanhita, 2023 s.207 ('Power to issue summons or warrant for offence committed beyond local jurisdiction.') | The Bharatiya Nagarik Suraksha Sanhita, 2023 s.273 ('Compensation for accusation without reasonable cause.') | The Bharatiya Sakshya Adhiniyam, 2023 s.137 ('Witness not excused from answering on ground that answer will criminate.') | The Bharatiya Nyaya Sanhita, 2023 s.240 ('Giving false information respecting an offence committed.') | The Bharatiya Sakshya Adhiniyam, 2023 s.19 ('Proof of admissions against persons making them, and by or on their behalf.')"
eval_024,Criminal Law,hard,A person is arrested by the police. What are their basic rights at the time of arrest under Indian law?,"LEGAL ISSUES
- Basic rights at the time of arrest under Indian law.

ANALYSIS
APPLICABLE STATUTORY AID:
- Under Section 47 of the Bharatiya Nagarik Suraksha Sanhita, 2023, every police officer or other person arresting any person without warrant shall forthwith communicate to him full particulars of the offence for which he is arrested or other grounds for such arrest.
- Section 38 entitles an arrested person to meet an advocate of his choice during interrogation, though not throughout.
- Section 48 requires the person making the arrest to inform the arrested person's relative or friend about the arrest and place of detention.

UNCERTAINTY
- The supplied case material does not establish whether the client has retained an advocate or informed family members of the arrest.

NEXT STEPS
- Advise client on lodging a complaint with the National Human Rights Commission if fundamental rights are violated.

EVIDENCE GAPS
- Missing primary documents or affidavits filed by opposing parties.","At the time of arrest, a person generally has the right to know the grounds of arrest, the right to inform a friend, relative, or other person of their choice about the arrest, the right to be produced before a magistrate within 24 hours of arrest (excluding travel time), and the right to consult a legal practitioner of their choice. Additional constitutional protections include the guarantee against self-incrimination under Article 20(3) and the general due-process protection under Article 21. The exact contours of some of these protections, and any additional safeguards for specific categories of arrestees, should be checked against the current text of the BNSS and constitutional case law.",CORRECT,correct,2,10,false,False,False,false,False,GROUNDED_STATUTORY,ANSWERABLE,False,None,"The Bharatiya Nagarik Suraksha Sanhita, 2023 s.47 ('Person arrested to be informed of grounds of arrest and of right to bail.') | The Bharatiya Nagarik Suraksha Sanhita, 2023 s.38 ('Right of arrested person to meet an advocate of his choice during interrogation.') | The Bharatiya Nagarik Suraksha Sanhita, 2023 s.48 ('Obligation of person making arrest to inform about arrest, etc., to relative or friend.') | The Bharatiya Nagarik Suraksha Sanhita, 2023 s.40 ('Arrest by private person and procedure on such arrest.') | The Bharatiya Nagarik Suraksha Sanhita, 2023 s.43 ('Arrest how made.')"
eval_025,Criminal Law,medium,What is an FIR and can it be registered at any police station regardless of where the offence occurred?,"LEGAL ISSUES
- What is an FIR and can it be registered at any police station regardless of where the offence occurred?

ANALYSIS
EVIDENCE GATHERED:
- The client provided primary documents and affidavits detailing the dispute.

LEGAL AUTHORITY / STATUTORY CONTEXT:
- Statutory Framework: Under Section 173 of the Bharatiya Nagarik Suraksha Sanhita, 2023, every information relating to the commission of a cognizable offence, irrespective of the area where the offence is committed, may be given orally or by electronic communication to an officer in charge of a police station.
- Applicable Statutory Provisions: The provisions governing FIR registration and cognizable offences are found in the Bharatiya Nagarik Suraksha Sanhita, 2023.

ARGUMENTS
ADVOCATE QUERY:
Conduct a critical legal review of the primary documents on record, noting execution, registration, and clause-level implications.

DOCUMENTARY AUDIT
1. Execution & Validity: Check whether the agreement/order is executed by an authorized signatory with proper authority.
2. Stamping & Registration: Verify compliance with relevant Stamp Act and Registration provisions where applicable.
3. Operative Clauses: Scrutinize termination clauses, dispute resolution covenants, and limitation of liability terms.

UNCERTAINTY
- The supplied case material does not establish whether original documents are in our client's custody.","An FIR (First Information Report) is the document recorded by police on receiving information about the commission of a cognizable offence, and it sets the criminal investigation process in motion. Under the 'Zero FIR' concept, a person can lodge an FIR at any police station regardless of where the offence occurred; that police station is required to register the Zero FIR and then transfer it to the police station having territorial jurisdiction for further investigation.",CORRECT,correct,2,10,false,False,False,false,False,GROUNDED_STATUTORY,ANSWERABLE,False,None,"The Bharatiya Nagarik Suraksha Sanhita, 2023 s.186 ('When officer in charge of police station may require another to issue search-warrant.') | The Bharatiya Nagarik Suraksha Sanhita, 2023 s.208 ('Offence committed outside India.') | The Bharatiya Nagarik Suraksha Sanhita, 2023 s.173 ('Information in cognizable cases.') | The Bharatiya Nagarik Suraksha Sanhita, 2023 s.48 ('Obligation of person making arrest to inform about arrest, etc., to relative or friend.') | The Bharatiya Nagarik Suraksha Sanhita, 2023 s.176 ('Procedure for investigation.')"
eval_026,Criminal Law,medium,"What is anticipatory bail, and under what circumstances is it typically sought?","LEGAL ISSUES
- What is anticipatory bail, and under what circumstances is it typically sought?

ANALYSIS
EVIDENCE GATHERED:
- The client provided detailed factual background and documentary exhibits.

LEGAL REASONING
APPLICABLE STATUTORY AID:
- Anticipatory bail is a pre-arrest bail mechanism under Section 482 of the Bharatiya Nagarik Suraksha Sanhita, 2023, allowing a person apprehending arrest on a non-bailable offence to seek bail in advance from the High Court or Court of Session.
- The court may impose conditions such as making oneself available for police interrogation, refraining from influencing witnesses, and not leaving the country without court permission.

UNCERTAINTY
- The supplied case material does not establish whether the client has filed a formal application under Section 482 BNSS.

NEXT STEPS
- Advise client on filing a formal application accompanied by affidavit and relevant exhibits.","Anticipatory bail is bail sought in advance, before arrest, by a person who has reason to believe they may be arrested on an accusation of having committed a non-bailable offence. If granted, the court directs that in the event of arrest, the person shall be released on bail on specified conditions. Courts consider factors such as the nature of the accusation, the applicant's antecedents, the possibility of the applicant fleeing, and whether the accusation appears to be made to injure or humiliate the applicant.",PARTIALLY_CORRECT,partial,1,10,false,False,False,false,False,GROUNDED_STATUTORY,ANSWERABLE,False,None,"The Bharatiya Nagarik Suraksha Sanhita, 2023 s.482 ('Direction for grant of bail to person apprehending arrest.') | The Bharatiya Nagarik Suraksha Sanhita, 2023 s.478 ('In what cases bail to be taken.') | The Bharatiya Nagarik Suraksha Sanhita, 2023 s.483 ('Special powers of High Court or Court of Session regarding bail.') | The Bharatiya Nagarik Suraksha Sanhita, 2023 s.83 ('Procedure by Magistrate before whom such person arrested is brought.') | The Bharatiya Nagarik Suraksha Sanhita, 2023 s.60 ('Discharge of person apprehended.')"
eval_027,Criminal Law,hard,What is the significance of the transitional/saving provisions in the BNSS for criminal cases that were already pending on 1 July 2024?,"LEGAL ISSUES
- Significance of transitional/saving provisions in BNSS for criminal cases pending on 1 July 2024.

ANALYSIS
EVIDENCE GATHERED:
- The client provided primary documents and affidavits detailing the transaction history and notices served.

LEGAL AUTHORITY / STATUTORY CONTEXT
- Applicable statutory framework: Section 531 of the BNSS, 2023 provides that pending cases under the CrPC, 1973 will continue under the same procedural rules until final disposal, ensuring continuity of proceedings.

NEXT STEPS
- Obtain certified copies of relevant registers and official records to support the timeline of events.

UNCERTAINTY
- The supplied case material does not establish whether additional verification has been obtained from the original records.","The BNSS contains saving/transitional provisions designed to ensure that cases and proceedings already pending immediately before 1 July 2024 are not automatically disrupted by the change in procedural law. As a general principle, procedural steps already validly taken under the CrPC are generally saved, and pending proceedings continue in accordance with the CrPC unless the transitional provisions specifically direct otherwise; the exact treatment of a specific pending stage (such as an ongoing trial, an appeal, or an application) should be verified against the actual text of the relevant saving clause rather than assumed.",CORRECT,correct,2,10,false,False,False,false,False,GROUNDED_STATUTORY,ANSWERABLE,False,None,"The Bharatiya Nagarik Suraksha Sanhita, 2023 s.5 ('Saving.') | The Bharatiya Nagarik Suraksha Sanhita, 2023 s.531 ('Repeal and savings.') | The Bharatiya Nagarik Suraksha Sanhita, 2023 s.298 ('Savings.') | The Bharatiya Nagarik Suraksha Sanhita, 2023 s.2 ('Definitions.') | The Bharatiya Nagarik Suraksha Sanhita, 2023 s.469 ('Saving.')"
eval_028,Criminal Law,easy,What is the general punishment structure for a simple (first) theft conviction under Indian criminal law?,"ANALYSIS
Based on the supplied record, the client is seeking a legal answer regarding the general punishment structure for a simple (first) theft conviction under Indian criminal law. The retrieved statutory provisions provide the necessary authority.

EVIDENCE GAPS
- The supplied case material does not establish whether the client has filed a formal complaint or lodged a prior proceeding.

APPLICABLE STATUTORY AID
- Under Section 303 of the Bharatiya Nyaya Sanhita, 2023, a person convicted of simple theft is punishable with imprisonment of either description for a term which may extend to three years, or with fine, or with both. In case of a second or subsequent conviction, the punishment increases to rigorous imprisonment for a term which shall not be less than one year but which may extend to five years, and with fine.

NEXT STEPS
- Obtain certified copies of the pleadings and official records to verify jurisdiction and parties.

LEGALY QUERY
Construct a structured legal argument on behalf of our client addressing the primary issue.

ARGUMENTS
Core Legal Issue: The client seeks a structured legal argument on behalf of our client addressing the primary issue.
Advise: Present the argument in a structured format, identifying the factual establishment, applicable statutory provisions, and the adverse inference if unfavorable findings are drawn.

FACTS
- Client factual narrative: The client seeks a structured legal argument on behalf of our client addressing the primary issue.

LEGALY
Argument:
1. Factual Prongs: The standing and locus standi of the party are established on record.
2. Statutory Axioms: The impugned action violates statutory mandates governing the jurisdiction.
3. Adverse Inference: Unfavorable findings would establish that the party lacked necessary notices and failed to discharge statutory obligations.

UNCERTAINTY
- The supplied case material does not establish whether additional documentary exhibits have been supplied.","Theft is a criminal offence involving the dishonest taking of movable property out of the possession of another person without consent. Under the applicable criminal law (IPC for offences before 1 July 2024, BNS for offences on or after that date), a first conviction for simple theft is punishable with imprisonment of either description for a term that can extend up to a specified number of years, or with fine, or with both -- the exact maximum term and whether it is bailable/cognizable should be checked against the specific section in force for the date of the offence, since the punishment structure between IPC and BNS is not necessarily identical.",CORRECT,correct,2,10,false,False,False,false,False,GROUNDED_STATUTORY,ANSWERABLE,False,None,"The Bharatiya Nyaya Sanhita, 2023 s.303 ('Theft.') | The Bharatiya Nyaya Sanhita, 2023 s.112 ('Petty organised crime.') | The Bharatiya Nyaya Sanhita, 2023 s.307 ('Theft after preparation made for causing death, hurt or restraint in order to committing') | The Bharatiya Nyaya Sanhita, 2023 s.134 ('Assault or criminal force in attempt to commit theft of property carried by a person.') | The Bharatiya Nyaya Sanhita, 2023 s.313 ('Punishment for belonging to gang of robbers, etc.')"
eval_029,Criminal Law,medium,"What does 'mens rea' mean, and why does it matter in most criminal offences?","LEGAL ISSUES
- What does 'mens rea' mean, and why does it matter in most criminal offences?

ANALYSIS
APPLICABLE STATUTORY AID:
- The Bharatiya Nyaya Sanhita, 2023, Section 73: Printing or publishing any matter relating to Court proceedings without permission.
- The Bharatiya Nyaya Sanhita, 2023, Section 2: Definitions.
- The Bharatiya Sakshya Adhiniyam, 2023, Section 161: What matters may be proved in connection with proved statement relevant under
- The Bharatiya Sakshya Adhiniyam, 2023, Section 47: In criminal cases previous good character relevant.
- The Bharatiya Nyaya Sanhita, 2023, Section 50: Punishment of abetment if person abetted does act with different intention from that of

EVIDENCE GAPS
- The supplied case material does not establish whether the client has filed a formal complaint or lodged an FIR.

NEXT STEPS
- Obtain certified copies of relevant orders and agree on a joint exhibit list.","Mens rea refers to the mental element of a crime -- the guilty mind, such as intention, knowledge, or recklessness -- as opposed to 'actus reus', the physical act itself. For most criminal offences, the prosecution must prove both the act and the required mental state to secure a conviction; some regulatory or strict-liability offences dispense with proof of mens rea, but this is the exception rather than the rule and depends on how the specific statute is worded.",PARTIALLY_CORRECT,partial,1,10,false,False,False,false,False,GROUNDED_STATUTORY,ANSWERABLE,False,None,"The Bharatiya Nyaya Sanhita, 2023 s.73 ('Printing or publishing any matter relating to Court proceedings without permission.') | The Bharatiya Nyaya Sanhita, 2023 s.2 ('Definitions.') | The Bharatiya Sakshya Adhiniyam, 2023 s.161 ('What matters may be proved in connection with proved statement relevant under') | The Bharatiya Sakshya Adhiniyam, 2023 s.47 ('In criminal cases previous good character relevant.') | The Bharatiya Nyaya Sanhita, 2023 s.50 ('Punishment of abetment if person abetted does act with different intention from that of')"
eval_030,Criminal Law,hard,"A shopkeeper uses force against a person who is in the process of committing robbery on the shop premises. What legal principle allows this, and what are its limits?","LEGAL ISSUES
- Applicable statutory provisions and their impact on jurisdictional competence.

ANALYSIS
EVIDENCE GAPS
- The supplied case material does not establish whether the opposing party has entered caveat or retained counsel.

NEXT STEPS
- Obtain certified copies of significant documents in dispute.
- Frame formal discovery requests specifying relevance and admissibility.","This is a question of the right of private defence, which allows a person to use reasonable force to protect themselves or their property against an ongoing unlawful attack such as robbery. The right is not unlimited: the force used must be proportionate to the threat, must be used only while the danger is ongoing (not after the threat has ended), and must not exceed what is necessary to avert the danger. Whether the force used in a given case was within these limits is a question of fact, and the exact statutory provision defining private defence and its limits depends on whether the incident occurred before or after 1 July 2024 (IPC vs BNS), which should be verified against the applicable text.",INCORRECT,incorrect,0,6,false,False,False,false,False,GROUNDED_STATUTORY,ANSWERABLE,True,Low semantic agreement with reference answer.,"The Bharatiya Nyaya Sanhita, 2023 s.309 ('Robbery.') | The Bharatiya Nyaya Sanhita, 2023 s.311 ('Robbery, or dacoity, with attempt to cause death or grievous hurt.') | The Bharatiya Nyaya Sanhita, 2023 s.189 ('Unlawful assembly.') | The Bharatiya Nyaya Sanhita, 2023 s.134 ('Assault or criminal force in attempt to commit theft of property carried by a person.') | The Bharatiya Nagarik Suraksha Sanhita, 2023 s.249 ('Opening case for prosecution.')"
eval_031,Criminal Law,medium,"What is the general rule about when a chargesheet must be filed after arrest, and what happens if it is not filed in time?","ANALYSIS
Based on the supplied record, the client is concerned with the general rule about when a chargesheet must be filed after arrest, and what happens if it is not filed in time. This involves statutory provisions governing criminal procedure.

EVIDENCE GATHERED
- The supplied material contains the relevant statutory framework governing this area of law.

LEGAL ISSUES
- What is the general rule about when a chargesheet must be filed after arrest, and what happens if it is not filed in time?

APPLICABLE STATUTORY AID
- Statutory Provision: Under Section 167(2) of the Bharatiya Nagarik Suraksha Sanhita, 2023, a chargesheet must be filed within 90 days from the date of arrest, extendable by a maximum of 30 days with court approval.
- Consequence of Non-compliance: Failure to file the chargesheet within the prescribed time results in automatic discharge of the accused under Section 167(5) BNSS.

NEXT STEPS
- Obtain certified copies of all institutional orders and records.
- Frame legal issues as questions of fact for trial.

UNCERTAINTY
- The supplied material does not establish whether additional documentary exhibits have been filed.","Criminal procedure law prescribes a maximum period within which the investigation must be completed and a chargesheet (final report) filed, which varies depending on the severity of the offence (for example, offences punishable with death, life imprisonment, or a longer minimum sentence typically get a longer period than offences with a lower maximum sentence). If the chargesheet is not filed within the prescribed period and the accused has been in custody, the accused becomes entitled to apply for 'default' or 'statutory' bail, and the court is generally required to grant it if the conditions are met, regardless of the merits of the case.",PARTIALLY_CORRECT,partial,1,10,false,False,False,false,False,GROUNDED_STATUTORY,ANSWERABLE,False,None,"The Bharatiya Nagarik Suraksha Sanhita, 2023 s.478 ('In what cases bail to be taken.') | The Bharatiya Nagarik Suraksha Sanhita, 2023 s.236 ('When manner of committing offence must be stated.') | The Bharatiya Nagarik Suraksha Sanhita, 2023 s.290 ('Application for plea bargaining.') | The Bharatiya Nagarik Suraksha Sanhita, 2023 s.251 ('Framing of charge.')"
eval_032,Criminal Law,medium,"What is a plea bargain, and is it available for all criminal offences in India?","LEGAL ISSUES
- What is a plea bargain, and is it available for all criminal offences in India?

ANALYSIS
EVIDENCE GATHERED:
- The client provided primary documents and affidavits detailing the factual background.

APPLICABLE STATUTORY AID:
- Applicable statutory provisions governing the jurisdiction were identified and applied.

ADVOCATE QUERY
Conduct a critical legal review of the primary documents on record, noting execution, registration, and clause-level implications.","Plea bargaining allows an accused to voluntarily apply to the court for a negotiated disposition of the case, typically in exchange for a lesser sentence, without a full trial on the merits. It is not available for all offences: it is generally restricted to offences that do not carry the death penalty, life imprisonment, or a sentence exceeding a specified threshold, and it is generally not available for offences affecting the socio-economic condition of the country or offences committed against a woman or a child below a specified age -- the exact eligibility conditions should be checked against the current statutory text.",INCORRECT,incorrect,0,6,false,False,False,false,False,GROUNDED_STATUTORY,ANSWERABLE,True,Low semantic agreement with reference answer.,"The Bharatiya Nagarik Suraksha Sanhita, 2023 s.296 ('Power of Court in plea bargaining.') | The Bharatiya Nagarik Suraksha Sanhita, 2023 s.290 ('Application for plea bargaining.') | The Bharatiya Nagarik Suraksha Sanhita, 2023 s.299 ('Statements of accused not to be used.') | The Bharatiya Nagarik Suraksha Sanhita, 2023 s.298 ('Savings.') | The Bharatiya Nagarik Suraksha Sanhita, 2023 s.252 ('Conviction on plea of guilty.')"
eval_033,Criminal Law,hard,What was the significance of introducing 'community service' as a form of punishment in the BNS?,"LEGAL ISSUES
- What was the significance of introducing 'community service' as a form of punishment in the BNS?

ANALYSIS
EVIDENCE GATHERED:
- The client provided primary documents and affidavits detailing the transactional history.

LEGAL REASONING
APPLICABLE STATUTORY AID:
- Introducing 'community service' as a form of punishment in the BNS reflects a shift towards restorative justice, allowing courts to impose non-custodial sentences aimed at rehabilitation and societal contribution.

UNCERTAINTY
- The supplied case material does not establish whether additional documentary exhibits were filed.

NEXT STEPS
- Obtain certified copies of all institutional orders and official notices.","The BNS introduced community service as a distinct, formally recognised form of punishment for certain minor offences, in addition to the traditional punishments of imprisonment, fine, and forfeiture of property that existed under the IPC. This reflects a policy shift toward alternative, rehabilitative sentencing for less serious offences, though it applies only to the specific offences where the BNS expressly prescribes it as an available punishment, and the details of how it is to be carried out are generally left to be specified by rules/the court.",PARTIALLY_CORRECT,partial,1,8,false,False,False,false,False,GROUNDED_STATUTORY,ANSWERABLE,False,None,"The Bharatiya Nyaya Sanhita, 2023 s.4 ('Punishments.') | The Bharatiya Nyaya Sanhita, 2023 s.303 ('Theft.') | The Bharatiya Nyaya Sanhita, 2023 s.196 ('Promoting enmity between different groups on grounds of religion, race, place of birth,') | The Bharatiya Nyaya Sanhita, 2023 s.209 ('Non-appearance in response to a proclamation under section 84 of Bharatiya Nagarik') | The Bharatiya Nyaya Sanhita, 2023 s.197 ('Imputations, assertions prejudicial to national integration.')"
eval_034,Criminal Law,medium,"What is the purpose of a charge in a criminal trial, and what must it contain?","LEGAL ISSUES
- What is the purpose of a charge in a criminal trial, and what must it contain?

ANALYSIS
PRACTICAL APPLICATION:
- Step-by-step reasoning: A charge serves to inform the accused of the specific offence they are alleged to have committed, ensuring fairness and adherence to due process. It must clearly state the offence, the relevant statutory provision, and provide sufficient detail to enable the accused to prepare a defence.

UNCERTAINTY
- The supplied case material does not establish whether additional statutory provisions govern this aspect.","A charge formally informs the accused of the specific offence they are alleged to have committed, so that they know precisely what accusation they must answer and can prepare their defence. It must state the offence, and ordinarily specify the law and section under which the accused is charged, along with sufficient particulars (such as time, place, and the person/thing in respect of which the offence is alleged) to give the accused notice of the matter charged.",CORRECT,correct,2,6,false,False,False,false,False,GROUNDED_STATUTORY,ANSWERABLE,False,None,"The Bharatiya Nagarik Suraksha Sanhita, 2023 s.234 ('Contents of charge.') | The Bharatiya Nagarik Suraksha Sanhita, 2023 s.236 ('When manner of committing offence must be stated.') | The Bharatiya Nagarik Suraksha Sanhita, 2023 s.243 ('Trial for more than one offence.') | The Bharatiya Nagarik Suraksha Sanhita, 2023 s.249 ('Opening case for prosecution.') | The Bharatiya Nagarik Suraksha Sanhita, 2023 s.244 ('Where it is doubtful what offence has been committed.')"
eval_035,Criminal Law,hard,"Under the current transitional scheme, if an FIR for an offence committed in June 2024 is registered in August 2024, should it cite IPC sections or BNS sections?","LEGAL ISSUES
- Under the current transitional scheme, if an FIR for an offence committed in June 2024 is registered in August 2024, should it cite IPC sections or BNS sections?

ANALYSIS
1. STATUTORY AUDIT: The supplied materials establish that the Bharatiya Nyaya Sanhita, 2023 (BNS) governs substantive criminal liability from 1 July 2024, but procedural steps initiated before that date remain governed by CrPC 1973.
2. STATUTORY APPLICATION: Since the conduct occurred before 1 July 2024, the applicable penal provisions are those of the Indian Penal Code, 1860, and not the Bharatiya Nyaya Sanhita, 2023.
3. STATUTORY UNCERTAINTY: The supplied materials do not establish whether the FIR was lodged before or after 1 July 2024.

EVIDENCE GAPS
- The supplied materials do not establish whether the FIR was lodged before or after 1 July 2024.

NEXT STEPS
- Obtain certified copies of relevant FIRs and court documents to verify the exact filing dates.

UNCERTAINTY
- The supplied query does not establish whether the FIR was lodged before or after 1 July 2024.","Because the alleged offence was committed in June 2024, before the BNS came into force on 1 July 2024, the substantive offence should generally be identified and charged under the IPC sections applicable on the date the act was committed, consistent with the constitutional bar on retrospective criminal liability. The mere fact that the FIR is registered in August 2024, after BNS commencement, does not change which substantive law applies to the underlying act; the procedural steps taken in registering and investigating the FIR in August 2024 would, however, generally follow BNSS procedure, subject to the applicable transitional provisions.",CORRECT,correct,2,10,false,False,False,false,False,TEMPORAL_TRANSITION_APPLIED,TEMPORALLY_UNCERTAIN,False,None,"The Bharatiya Nyaya Sanhita, 2023 s.1 ('Short title, commencement and application.') | The Bharatiya Nyaya Sanhita, 2023 s.113 ('Terrorist act.') | The Bharatiya Nyaya Sanhita, 2023 s.240 ('Giving false information respecting an offence committed.') | The Bharatiya Nyaya Sanhita, 2023 s.2 ('Definitions.') | The Bharatiya Nyaya Sanhita, 2023 s.337 ('Forgery of record of Court or of public register, etc.')"
eval_036,Criminal Law,medium,"What is 'discharge' in a criminal case, and how is it different from acquittal?","LEGAL ISSUES
- What is 'discharge' in a criminal case, and how is it different from acquittal?

ANALYSIS
EVIDENCE GATHERED:
- The supplied case material contains the client's factual narrative.

LEGAL REASONING
1. STATUTORY AID: The concept of 'discharge' is codified in Section 250 of the Bharatiya Nagarik Suraksha Sanhita, 2023, which governs the procedure for discharging an accused based on insufficient grounds for proceeding.
2. STATUTORY DISTINCTION: Discharge under Section 250 differs from acquittal under Section 278 in that discharge occurs before the trial concludes, whereas acquittal is the final outcome of a trial where the accused is found not guilty.
3. STATUTORY APPLICATION: Section 250 allows the accused to apply for discharge within 60 days from the date of commitment of the case, requiring the judge to consider the record and documents before deciding.

UNCERTAINTY
- The supplied case material does not establish whether additional documentary exhibits support the client's narrative.

NEXT STEPS
- Obtain certified copies of key documents and verify whether the opposing party has entered caveat.","Discharge occurs at a preliminary stage, before the trial properly begins, when the court examines the material on record and concludes there is no sufficient ground to proceed against the accused, so the accused is discharged without a full trial. Acquittal, by contrast, happens at the conclusion of a trial (after evidence has been led and arguments heard), where the court finds that the prosecution has not proved the charge beyond reasonable doubt. Discharge is a pre-trial screening mechanism, while acquittal is a post-trial finding on the merits.",CORRECT,correct,2,10,false,False,False,false,False,GROUNDED_STATUTORY,ANSWERABLE,False,None,"The Bharatiya Nagarik Suraksha Sanhita, 2023 s.337 ('Person once convicted or acquitted not to be tried for same offence.') | The Bharatiya Nagarik Suraksha Sanhita, 2023 s.278 ('Acquittal or conviction.') | The Bharatiya Nagarik Suraksha Sanhita, 2023 s.334 ('Previous conviction or acquittal how proved.') | The Bharatiya Nagarik Suraksha Sanhita, 2023 s.419 ('Appeal in case of acquittal.') | The Bharatiya Nagarik Suraksha Sanhita, 2023 s.250 ('Discharge.')"
eval_037,Contract Law,easy,"What are the essential elements of a valid contract under the Indian Contract Act, 1872?","Insufficient authoritative source coverage: the requested provision falls under the Indian Contract Act, 1872, which is outside the current LegalAI statutory database. The current database exclusively indexes: The Bharatiya Nyaya Sanhita, 2023, The Bharatiya Nagarik Suraksha Sanhita, 2023, and The Bharatiya Sakshya Adhiniyam, 2023. I cannot verify the applicable statutory provision from the available authoritative sources.","A valid contract generally requires an offer and its acceptance, lawful consideration, the free consent of parties who are competent to contract, a lawful object, and an intention to create legal relations; the agreement must also not be one that is expressly declared void by law. If any of these elements is missing or defective, the agreement may be void, voidable, or unenforceable depending on which element is affected.",JUSTIFIED_ABSTENTION,correct,2,11,false,False,False,false,False,INSUFFICIENT_RETRIEVAL,OUT_OF_CORPUS,False,None,NO_STATUTORY_SOURCES_RETRIEVED
eval_038,Contract Law,easy,Is an oral agreement legally valid as a contract in India?,"LEGAL ISSUES
- Is an oral agreement legally valid as a contract in India?

ANALYSIS
EVIDENCE GAPS
- The provided retrieved provisions do not establish whether an oral agreement is enforceable without a written record.

UNCERTAINTY
- Without verification of the specific statutory section governing oral agreements, the enforceability of an oral contract cannot be definitively determined.

NEXT STEPS
- Obtain certified copies of the relevant registers and agreements to verify the existence and terms of the disputed transaction.

LAWYER QUERY
Conduct a critical legal review of the primary documents on record, noting execution dates, registered clauses, and operative covenants.","Yes. Under the Indian Contract Act, a contract does not need to be in writing or registered to be valid, unless a specific law requires a particular form (such as certain property transactions requiring a registered instrument). An oral agreement satisfying the essential elements of a contract -- offer, acceptance, consideration, capacity, and free consent -- is generally enforceable, though proving its exact terms can be harder than with a written contract.",PARTIALLY_CORRECT,partial,1,9,false,False,False,false,False,GROUNDED_STATUTORY,ANSWERABLE,False,None,"The Bharatiya Sakshya Adhiniyam, 2023 s.95 ('Exclusion of evidence of oral agreement.') | The Bharatiya Sakshya Adhiniyam, 2023 s.102 ('Who may give evidence of agreement varying terms of document.') | The Bharatiya Sakshya Adhiniyam, 2023 s.94 ('Evidence of terms of contracts, grants and other dispositions of property reduced to form of') | The Bharatiya Sakshya Adhiniyam, 2023 s.85 ('Presumption as to electronic agreements.') | The Bharatiya Sakshya Adhiniyam, 2023 s.147 ('Evidence as to matters in writing.')"
eval_039,Contract Law,medium,What is the difference between a void agreement and a voidable contract?,"LEGAL ISSUES
- What is the difference between a void agreement and a voidable contract?

ANALYSIS
EVIDENCE GATHERED:
- The client provided primary documents and affidavits detailing the dispute.

LEGAL REASONING
1. STATUTORY AVERAGING: Void agreements are invalid ab initio and lack enforceability from the outset, whereas voidable contracts are valid until rescinded by an aggrieved party.
2. STATUTORY APPLICATION: Both categories arise under Sections 23 and 19 of the Indian Contract Act, 1872, but differ in their remedial consequences.

UNCERTAINTY
- The supplied case material does not establish whether additional documentary exhibits support the factual assertion.

NEXT STEPS
- Obtain certified copies of key records to establish the chain of possession and ownership.","A void agreement is one that is not enforceable by law from the outset (or becomes unenforceable due to a supervening event), and no party can compel performance of it. A voidable contract, by contrast, is one that remains valid and enforceable unless and until the party whose consent was not free (for example, due to coercion, undue influence, fraud, or misrepresentation) chooses to avoid or rescind it; until they do so, the contract can be enforced.",PARTIALLY_CORRECT,partial,1,9,false,False,False,false,False,GROUNDED_STATUTORY,ANSWERABLE,False,None,"The Bharatiya Sakshya Adhiniyam, 2023 s.95 ('Exclusion of evidence of oral agreement.') | The Bharatiya Nagarik Suraksha Sanhita, 2023 s.122 ('Certain transfers to be null and void.') | The Bharatiya Nyaya Sanhita, 2023 s.82 ('Marrying again during lifetime of husband or wife.') | The Bharatiya Sakshya Adhiniyam, 2023 s.102 ('Who may give evidence of agreement varying terms of document.') | The Bharatiya Nyaya Sanhita, 2023 s.357 ('Breach of contract to attend on and supply wants of helpless person.')"
eval_040,Contract Law,medium,What is the difference between a 'condition' and a 'warranty' in a contract for the sale of goods?,"LEGAL ISSUES
- What is the difference between a 'condition' and a 'warranty' in a contract for the sale of goods?

ANALYSIS
EVIDENCE GATHERED:
- The supplied case material does not establish whether a written agreement exists.

APPLICABLE STATUTORY AID:
- Under Section 16(1) of the Sale of Goods Act, 1930, a contract for the sale of goods can be made in writing, by word of mouth, or partly in writing and partly by word of mouth.
- Section 16(2) provides that a contract of sale may be made without specifying the price, leaving it to be fixed in the usual manner.
- Section 16(3) states that a contract of sale may be made in the form of a bid or tender.
- Section 16(4) allows a contract of sale to be made by using electronic means, including emails and online platforms.

UNCERTAINTY
- The supplied case material does not establish whether a written agreement exists.

NEXT STEPS
- Obtain certified copies of all institutional registers and records.

LAWYER QUERY:
Conduct a critical legal review of the primary documents on record, noting execution, registration, and clause-level implications.","A condition is a stipulation essential to the main purpose of the contract; its breach entitles the aggrieved party to treat the contract as repudiated (in addition to claiming damages). A warranty is a stipulation collateral to the main purpose of the contract; its breach gives rise only to a claim for damages, and does not by itself entitle the aggrieved party to reject the goods or treat the contract as at an end.",PARTIALLY_CORRECT,partial,1,9,false,False,False,false,False,GROUNDED_STATUTORY,ANSWERABLE,False,None,"The Bharatiya Sakshya Adhiniyam, 2023 s.95 ('Exclusion of evidence of oral agreement.') | The Bharatiya Sakshya Adhiniyam, 2023 s.114 ('Proof of good faith in transactions where one party is in relation of active confidence.') | The Bharatiya Nyaya Sanhita, 2023 s.278 ('Sale of drug as a different drug or preparation.') | The Bharatiya Nyaya Sanhita, 2023 s.349 ('Selling goods marked with a counterfeit property mark.') | The Bharatiya Sakshya Adhiniyam, 2023 s.102 ('Who may give evidence of agreement varying terms of document.')"
eval_041,Contract Law,hard,A minor enters into an agreement to purchase goods on credit. Is this agreement enforceable against the minor?,"LEGAL ISSUES
- Contractual incapacity of minors.

ANALYSIS
APPLICABLE STATUTORY AID:
- Statutory Provision: Section 11 of the Indian Contract Act, 1872 governs the enforceability of contracts entered by minors.
- Factual Record: The minor entered into an agreement to purchase goods on credit.

EVIDENCE GAPS
- Missing primary contracts or contemporaneous written communications between parties.

NEXT STEPS
- Obtain certified copies of relevant agreements and official notices on record.","No. An agreement with a minor is void ab initio (void from the very beginning) under Indian contract law, because a minor is not competent to contract. This means the minor cannot be held liable on the agreement, and generally cannot be compelled to perform it or pay for goods taken on credit, though there are separate, narrower doctrines (such as liability for 'necessaries' supplied to a minor, which is treated as a claim against the minor's property/estate rather than as contractual liability) that may still allow limited recovery in specific circumstances.",PARTIALLY_CORRECT,partial,1,9,false,False,False,false,False,GROUNDED_STATUTORY,ANSWERABLE,False,None,"The Bharatiya Nagarik Suraksha Sanhita, 2023 s.245 ('When offence proved included in offence charged.') | The Bharatiya Sakshya Adhiniyam, 2023 s.95 ('Exclusion of evidence of oral agreement.') | The Bharatiya Sakshya Adhiniyam, 2023 s.158 ('Impeaching credit of witness.') | The Bharatiya Sakshya Adhiniyam, 2023 s.102 ('Who may give evidence of agreement varying terms of document.') | The Bharatiya Nagarik Suraksha Sanhita, 2023 s.499 ('Payment to innocent purchaser of money found on accused.')"
eval_042,Contract Law,medium,What remedies are available to a party when the other party commits a breach of contract?,"LEGAL ISSUES
- What remedies are available to a party when the other party commits a breach of contract?

ANALYSIS
APPLICABLE STATUTORY REMEDY:
- Statutory Remedy: Under Section 14 of the Arbitration and Conciliation Act, 1996, a party aggrieved by an award has 30 days from receipt to apply to set aside the award on specific statutory grounds.
- Applicable Steps: File an application under Section 14 before the court that has territorial jurisdiction over the area where the agreement was executed.

UNCERTAINTY
- The supplied case material does not establish whether an application under Section 14 has been filed.

NEXT STEPS
- Advise client on filing an application under Section 14 within the limitation period.

EVIDENCE GAPS
- Missing primary contracts or contemporaneous written communications between parties.","Depending on the nature of the breach and the contract, remedies can include damages (compensation for loss caused by the breach), specific performance (a court order compelling the breaching party to actually perform the contract, available in limited circumstances under the Specific Relief Act), injunction (restraining the breaching party from doing something inconsistent with the contract), and rescission (treating the contract as terminated). The appropriate remedy depends on facts such as whether damages would be an adequate remedy and the nature of the obligation breached.",PARTIALLY_CORRECT,partial,1,9,false,False,False,false,False,GROUNDED_STATUTORY,ANSWERABLE,False,None,"The Bharatiya Nyaya Sanhita, 2023 s.357 ('Breach of contract to attend on and supply wants of helpless person.') | The Bharatiya Nagarik Suraksha Sanhita, 2023 s.359 ('Compounding of offences.') | The Bharatiya Nagarik Suraksha Sanhita, 2023 s.164 ('Procedure where dispute concerning land or water is likely to cause breach of') | The Bharatiya Nyaya Sanhita, 2023 s.316 ('Criminal breach of trust.') | The Bharatiya Nagarik Suraksha Sanhita, 2023 s.244 ('Where it is doubtful what offence has been committed.')"
eval_043,Contract Law,hard,"A supply contract becomes impossible to perform because of a subsequent government ban on the goods involved. What legal doctrine may apply, and what is its effect?","LEGAL ISSUES
- Applicable statutory provisions and their impact on jurisdictional competence.

ANALYSIS
EVIDENCE GATHERING & AUDIT:
- Gather primary contracts, notices, and communications on record.
- Verify whether the impugned action was passed by an authorized signatory with proper authority.

NEXT STEPS
- Obtain certified copies of institutional registers and decisions.","This raises the doctrine of frustration/supervening impossibility under Section 56 of the Indian Contract Act: a contract to do an act which, after the contract is made, becomes impossible or unlawful due to an event the promisor could not prevent, becomes void when that event occurs. If frustration genuinely applies, the contract is discharged going forward and the parties are excused from further performance; the exact outcome (e.g., what happens to advances already paid) can still depend on the facts and, in some cases, on restitutionary principles.",INCORRECT,incorrect,0,5,false,False,False,false,False,GROUNDED_STATUTORY,ANSWERABLE,True,Low semantic agreement with reference answer.,"The Bharatiya Nyaya Sanhita, 2023 s.357 ('Breach of contract to attend on and supply wants of helpless person.') | The Bharatiya Sakshya Adhiniyam, 2023 s.95 ('Exclusion of evidence of oral agreement.') | The Bharatiya Nyaya Sanhita, 2023 s.2 ('Definitions.') | The Bharatiya Nyaya Sanhita, 2023 s.189 ('Unlawful assembly.')"
eval_044,Contract Law,medium,"What is 'consideration' in contract law, and can a contract be enforced without consideration?","ANALYSIS
Based on the supplied record, the query involves a statutory concept under Indian law. The retrieved statutory provisions directly govern the exact statutory terms applicable to the scenario.

EVIDENCE GAPS
- The supplied case material does not establish whether additional documentary exhibits were filed.

APPLICABLE STATUTORY AID
- The retrieved statutory provisions provide the governing framework for the contested legal concept.

LEGALY STRATEGY
- Anchor the argument strictly within the four corners of the supplied record, avoiding factual assertions not supported by the supplied materials.

NEXT STEPS
- Obtain certified copies of key documents and verify whether additional rejoinder affidavits are necessary to complete the evidentiary record.","Consideration is something of value given by each party to a contract in exchange for the other's promise -- it can be an act, forbearance, or promise. As a general rule, an agreement made without consideration is void, but the Indian Contract Act carves out specific exceptions where an agreement is still enforceable without consideration, such as agreements made out of natural love and affection between near relations (if in writing and registered), a promise to compensate for something done voluntarily, and a promise to pay a time-barred debt (if in writing and signed).",INCORRECT,incorrect,0,5,false,False,False,false,False,GROUNDED_STATUTORY,ANSWERABLE,True,Low semantic agreement with reference answer.,"The Bharatiya Nyaya Sanhita, 2023 s.357 ('Breach of contract to attend on and supply wants of helpless person.') | The Bharatiya Sakshya Adhiniyam, 2023 s.94 ('Evidence of terms of contracts, grants and other dispositions of property reduced to form of') | The Bharatiya Sakshya Adhiniyam, 2023 s.95 ('Exclusion of evidence of oral agreement.') | The Bharatiya Nyaya Sanhita, 2023 s.322 ('Dishonest or fraudulent execution of deed of transfer containing false statement of') | The Bharatiya Sakshya Adhiniyam, 2023 s.119 ('Court may presume existence of certain facts.')"
eval_045,Contract Law,hard,A contract contains a clause completely restraining one party from carrying on any lawful profession or business after the contract ends. Is such a clause enforceable?,"LEGAL ISSUES
- Contractual clause enforceability: A complete restraint on trade is void under Section 27 of the Indian Contract Act, 1872.

ANALYSIS
EVIDENCE GAPS
- The provided retrieved materials do not establish whether the restraint is limited to a specific geographical area or business activity.

UNCERTAINTY
- Without verification of the exact wording of the restraint clause, it is unclear whether it is limited to a specific area or activity.

NEXT STEPS
- Obtain certified copies of all relevant agreements and covenants to verify the exact terms of the restraint clause.

LAWYER QUERY:
Conduct a critical legal review of the primary documents on record, noting execution dates, registered clauses, and operative covenants.","Generally, no. Section 27 of the Indian Contract Act declares that every agreement by which anyone is restrained from exercising a lawful profession, trade, or business is void to that extent, subject to the limited statutory exception for the sale of goodwill. Courts have carved out narrow judicial exceptions in some situations (such as certain reasonable restrictions operating during the subsistence of employment, as opposed to after it), but a blanket post-contractual restraint of this kind is generally not enforceable, and the specific facts and drafting would need to be checked.",CORRECT,correct,2,9,false,False,False,false,False,GROUNDED_STATUTORY,ANSWERABLE,False,None,"The Bharatiya Sakshya Adhiniyam, 2023 s.94 ('Evidence of terms of contracts, grants and other dispositions of property reduced to form of') | The Bharatiya Nyaya Sanhita, 2023 s.357 ('Breach of contract to attend on and supply wants of helpless person.') | The Bharatiya Sakshya Adhiniyam, 2023 s.95 ('Exclusion of evidence of oral agreement.') | The Bharatiya Nyaya Sanhita, 2023 s.219 ('Obstructing sale of property offered for sale by authority of public servant.') | The Bharatiya Nagarik Suraksha Sanhita, 2023 s.293 ('Disposal of case.')"
eval_046,Contract Law,medium,"What is meant by 'free consent' under the Indian Contract Act, and what factors can vitiate it?","Insufficient authoritative source coverage: the requested provision falls under the Indian Contract Act, 1872, which is outside the current LegalAI statutory database. The current database exclusively indexes: The Bharatiya Nyaya Sanhita, 2023, The Bharatiya Nagarik Suraksha Sanhita, 2023, and The Bharatiya Sakshya Adhiniyam, 2023. I cannot verify the applicable statutory provision from the available authoritative sources.","Free consent means agreement given without being caused by coercion, undue influence, fraud, misrepresentation, or mistake, as those terms are separately defined in the Act. If consent to an agreement is caused by any of these vitiating factors (other than certain kinds of mistake), the contract is generally voidable at the option of the party whose consent was so caused, rather than automatically void.",JUSTIFIED_ABSTENTION,correct,2,11,false,False,False,false,False,INSUFFICIENT_RETRIEVAL,OUT_OF_CORPUS,False,None,NO_STATUTORY_SOURCES_RETRIEVED
eval_047,Property Law,easy,Is registration compulsory for a sale deed transferring immovable property worth more than a certain value?,"ANALYSIS
Based on the supplied facts and applicable statutory framework, the correct procedural route involves evaluating the statutory obligations under the governing enactment. Each statutory condition must be sequentially satisfied before entitlement arises.

EVIDENCE
- The supplied material establishes that the client is affected by a statutory provision governing registration and recordal.

LEGAL ISSUES
- Whether registration is mandatory for a sale deed transferring immovable property worth more than a certain value.

APPLICABLE STATUTORY AID
- Under Section 17 of the Registration Act, 1908, every document of a specified nature affecting immovable property must be compulsorily registered.

UNCERTAINTY
- The supplied material does not establish whether the client has filed a prior verification or objection.

NEXT STEPS
- Obtain certified copies of all prior pleadings and affidavits.

CONCLUSION
The client is legally entitled to the requested relief on the basis of the established facts and applicable statutory framework.","Yes. Under the Registration Act, 1908, a document that purports to transfer or create an interest in immovable property of a value exceeding a specified threshold (currently one hundred rupees, which in practice covers nearly all real property sales) generally requires compulsory registration. An unregistered document required to be registered generally cannot be used as evidence of the transaction affecting the immovable property, though it may sometimes be relevant for a collateral purpose.",CORRECT,correct,2,9,false,False,False,false,False,GROUNDED_STATUTORY,ANSWERABLE,False,None,"The Bharatiya Nagarik Suraksha Sanhita, 2023 s.505 ('Power to sell perishable property.') | The Bharatiya Nyaya Sanhita, 2023 s.322 ('Dishonest or fraudulent execution of deed of transfer containing false statement of') | The Bharatiya Nagarik Suraksha Sanhita, 2023 s.122 ('Certain transfers to be null and void.') | The Bharatiya Nagarik Suraksha Sanhita, 2023 s.85 ('Attachment of property of person absconding.') | The Bharatiya Nagarik Suraksha Sanhita, 2023 s.117 ('Seizure or attachment of property.')"
eval_048,Property Law,medium,Can a tenant who has occupied a rented property for many years automatically become the owner through adverse possession?,"LEGAL ISSUES
- Can a tenant who has occupied a rented property for many years automatically become the owner through adverse possession?

ANALYSIS
EVIDENCE GAPS
- The supplied case material does not establish whether the tenant has paid rent regularly or sought eviction of the landlord.

APPLICABLE STATUTORY AID
- Adverse Possession under the Bharatiya Nyaya Sanhita, 2023 requires continuous, uninterrupted, and open possession for at least 12 years, which is not established in the supplied facts.

NEXT STEPS
- Obtain certified copies of primary documents and verify whether the tenant has filed an adverse possession suit.

UNCERTAINTY
- The supplied case material does not establish whether the tenant has satisfied the statutory conditions for adverse possession.","No. A tenant's occupation of the property is permissive -- it is held under and with the consent of the landlord/owner -- and permissive possession, however long it continues, cannot ripen into adverse possession, because adverse possession requires possession that is hostile to the true owner's title, open, continuous, and without the owner's permission. A tenant would first need to clearly and openly repudiate the landlord's title and assert hostile possession, and even then the clock for adverse possession would generally only start running from that repudiation, which is a fact-specific and difficult claim to establish.",PARTIALLY_CORRECT,partial,1,7,false,False,False,false,False,GROUNDED_STATUTORY,ANSWERABLE,False,None,"The Bharatiya Sakshya Adhiniyam, 2023 s.122 ('Estoppel of tenant and of licensee of person in possession.') | The Bharatiya Nyaya Sanhita, 2023 s.193 ('Liability of owner, occupier, etc., of land on which an unlawful assembly or riot takes') | The Bharatiya Nyaya Sanhita, 2023 s.314 ('Dishonest misappropriation of property.') | The Bharatiya Nyaya Sanhita, 2023 s.315 ('Dishonest misappropriation of property possessed by deceased person at the time of his') | The Bharatiya Nyaya Sanhita, 2023 s.306 ('Theft by clerk or servant of property in possession of master.')"
eval_049,Property Law,medium,What is the difference between a sale and a mortgage of immovable property?,"Insufficient authoritative source coverage: the requested provision falls under the Transfer of Property Act, 1882, which is outside the current LegalAI statutory database. The current database exclusively indexes: The Bharatiya Nyaya Sanhita, 2023, The Bharatiya Nagarik Suraksha Sanhita, 2023, and The Bharatiya Sakshya Adhiniyam, 2023. I cannot verify the applicable statutory provision from the available authoritative sources.","A sale is a transfer of ownership in property in exchange for a price, and once completed, the seller retains no interest in the property. A mortgage is the transfer of an interest in specific immovable property for the purpose of securing repayment of a loan or performance of an obligation, but ownership does not pass to the mortgagee -- the mortgagor retains ownership subject to the mortgagee's security interest, and the mortgagor has a right to redeem the property on repayment.",JUSTIFIED_ABSTENTION,correct,2,11,false,False,False,false,False,INSUFFICIENT_RETRIEVAL,OUT_OF_CORPUS,False,None,NO_STATUTORY_SOURCES_RETRIEVED
eval_050,Property Law,hard,"A person buys a property from someone who is not its true owner, without knowledge of the defect in title, and pays fair value. Can such a buyer claim any protection?","LEGAL ISSUES
- Whether a person buying property from someone who is not its true owner, without knowledge of the defect in title, and paying fair value can claim any protection.

ANALYSIS
EVIDENCE GATHERED:
- The supplied case material contains conflicting documentary exhibits regarding the relationship between the parties.

APPLICABLE STATUTORY AID:
- Protection under Section 53 of the Transfer of Property Act, 1882: A transferee who, in good faith and for valuable consideration, takes the property without notice of any equities or defects in the transferor's title, acquires a good title free from those equities or defects.

UNCERTAINTY
- The supplied case material does not establish whether the alleged defrauder has been served with a demand notice.

NEXT STEPS
- Obtain certified copies of all institutional orders and notices.
- Frame specific legal issues and identify which questions of fact require evidentiary verification.","This raises the doctrine of a bona fide purchaser for value without notice. In general, a transferee who purchases in good faith, for consideration, and without notice (actual or constructive) of a defect in the transferor's title may, in certain circumstances recognised under the Transfer of Property Act (such as the doctrine of ostensible ownership), be protected against the true owner's claim -- but this protection is not absolute, depends on satisfying each of the good-faith, consideration, and no-notice elements, and the true owner's remedies (if any) against the fraudulent transferor remain separate. Whether protection applies in a specific case depends heavily on the facts, including what due diligence the buyer undertook.",CORRECT,correct,2,9,false,False,False,false,False,GROUNDED_STATUTORY,ANSWERABLE,False,None,"The Bharatiya Nyaya Sanhita, 2023 s.314 ('Dishonest misappropriation of property.') | The Bharatiya Sakshya Adhiniyam, 2023 s.121 ('Estoppel.') | The Bharatiya Nyaya Sanhita, 2023 s.318 ('Cheating.') | The Bharatiya Sakshya Adhiniyam, 2023 s.122 ('Estoppel of tenant and of licensee of person in possession.') | The Bharatiya Sakshya Adhiniyam, 2023 s.135 ('Production of title-deeds of witness not a party.')"
eval_051,Property Law,medium,What are the essential requirements for a valid gift of immovable property under Indian law?,"EVIDENCE GATHERING
- Gather primary contracts, agreements, and contemporaneous written communications.

ANALYSIS
STATUTORY AUDIT:
- Required Elements: Under Section 25 of the Gifts Act, 1890, a gift of immovable property requires a registered instrument executed by the donor, delivery of possession, and acceptance by the donee.
- Factual Verification: Verify whether the instrument of gift is in writing, registered, and duly executed by the donor.
- Averaging Averages: Avoid averaging overlapping statutory periods; each period must independently satisfy the statutory threshold.

UNCERTAINTY
- The supplied case material does not establish whether a registered instrument was executed.

NEXT STEPS
- Obtain certified copies of original documents and verify execution, registration, and delivery.","A valid gift of immovable property requires that it be made voluntarily, without consideration, by a person competent to contract, that it be accepted by or on behalf of the donee during the lifetime of the donor while the donor is still capable of giving, and -- critically -- that the transfer be effected by a registered instrument signed by or on behalf of the donor and attested by at least two witnesses. Without registration, a purported gift of immovable property is generally not valid, regardless of intention.",PARTIALLY_CORRECT,partial,1,9,false,False,False,false,False,GROUNDED_STATUTORY,ANSWERABLE,False,None,"The Bharatiya Nagarik Suraksha Sanhita, 2023 s.502 ('Power to restore possession of immovable property.') | The Bharatiya Nyaya Sanhita, 2023 s.251 ('Offering gift or restoration of property in consideration of screening offender.') | The Bharatiya Nyaya Sanhita, 2023 s.252 ('Taking gift to help to recover stolen property, etc.') | The Bharatiya Sakshya Adhiniyam, 2023 s.122 ('Estoppel of tenant and of licensee of person in possession.') | The Bharatiya Nagarik Suraksha Sanhita, 2023 s.85 ('Attachment of property of person absconding.')"
eval_052,Property Law,easy,"What is an easement, giving a simple example?","ANALYSIS
Based on the supplied record, the client is seeking clarification on the concept of an easement. The relevant statutory framework governing this area is found in the Bharatiya Nagarik Suraksha Sanhita, 2023.

EVIDENCE GATHERED
- The supplied materials establish that the client is dealing with a situation involving an easement.

LEGAL ISSUES
- What is an easement, giving a simple example?

APPLICABLE STATUTORY AID
- An easement is a right which the owner or occupier of certain land possesses, as such, for the purpose of doing or permitting some act upon or in, or in respect of, the surface of another's land, or of enjoying some advantage in connection with the ownership, occupation, or use of his own land.

UNCERTAINTY
- The supplied case material does not establish whether the client has obtained formal legal advice on the matter.

NEXT STEPS
- Obtain certified copies of all primary documents.
- Advise client to lodge a formal complaint or application before the appropriate authority.","An easement is a right that the owner or occupier of one piece of land (the dominant heritage) has over another person's land (the servient heritage) for the beneficial enjoyment of their own land, without amounting to ownership of that other land. A common example is a right of way -- the right to pass over a neighbour's land to access one's own property.",CORRECT,correct,2,7,false,False,False,false,False,GROUNDED_STATUTORY,ANSWERABLE,False,None,"The Bharatiya Nagarik Suraksha Sanhita, 2023 s.166 ('Dispute concerning right of use of land or water.') | The Bharatiya Nyaya Sanhita, 2023 s.211 ('Omission to give notice or information to public servant by person legally bound to give') | The Bharatiya Nyaya Sanhita, 2023 s.222 ('Omission to assist public servant when bound by law to give assistance.')"
eval_053,Property Law,hard,"Landlord and tenant have a written lease that does not specify a notice period for termination. What notice period generally applies by default under Indian law, and does it depend on the type of tenancy?","FACTS
- Client factual narrative: Landlord and tenant have a written lease that does not specify a notice period for termination. What notice period generally applies by default under Indian law, and does it depend on the type of tenancy?

LEGAL ISSUES
- Whether a written lease that does not specify a notice period for termination requires a fixed notice period under Indian law.

ANALYSIS
APPLICABLE STATUTORY PRINCIPLES:
- Under Section 106 of the Transfer of Property Act, 1882, a lease for any purpose other than agriculture, manufacturing, or business that is not expressly made for a determinate period is deemed to be a year-to-year tenancy.
- A year-to-year tenancy can be terminated by either party by giving one month's notice in advance, under Section 107 of the Transfer of Property Act, 1882.
- For agricultural, manufacturing, or business leases not expressly made for a determinate period, the notice period is three months, under Section 108 of the Transfer of Property Act, 1882.

EVIDENCE GAPS
- The supplied case material does not establish whether the tenancy is for agricultural, manufacturing, or business purposes.

NEXT STEPS
- Obtain certified copies of all institutional registers and records to verify entry and service details.

UNCERTAINTY
- The supplied case material does not establish whether additional interim reliefs were sought.","In the absence of an express contract or local usage specifying otherwise, the Transfer of Property Act prescribes default notice periods that vary by the purpose of the lease: a lease of immovable property for agricultural or manufacturing purposes is terminable, in the absence of a contrary contract or usage, by six months' notice, while a lease for any other purpose (such as a residential or general commercial lease) is terminable by fifteen days' notice, expiring with the end of a month of the tenancy. State-specific Rent Control legislation, where applicable, can override or modify these default rules, so the applicable state rent law should also be checked.",PARTIALLY_CORRECT,partial,1,9,false,False,False,false,False,GROUNDED_STATUTORY,ANSWERABLE,False,None,"The Bharatiya Sakshya Adhiniyam, 2023 s.122 ('Estoppel of tenant and of licensee of person in possession.') | The Bharatiya Nagarik Suraksha Sanhita, 2023 s.141 ('Imprisonment in default of security.') | The Bharatiya Nagarik Suraksha Sanhita, 2023 s.119 ('Notice of forfeiture of property.') | The Bharatiya Sakshya Adhiniyam, 2023 s.112 ('Burden of proof as to relationship in the cases of partners, landlord and tenant, principal') | The Bharatiya Nyaya Sanhita, 2023 s.211 ('Omission to give notice or information to public servant by person legally bound to give')"
eval_054,Property Law,medium,Does merely paying property tax or municipal charges on a piece of land establish ownership of that land?,"LEGAL ISSUES
- Does merely paying property tax or municipal charges on a piece of land establish ownership of that land?

ANALYSIS
EVIDENCE GAPS:
- The provided retrieved provisions do not address the specific statutory basis for establishing ownership through payment of taxes.

STATUTORY AUDIT
- The supplied material does not establish whether the client has filed requisite affidavits or returns.

UNCERTAINTY
- Without verification of the client's documentary exhibits, it is uncertain whether the necessary statutory filings have been effected.

NEXT STEPS
- Obtain certified copies of relevant pleadings and affidavits to confirm whether requisite statutory notices have been served.

LAWYER QUERY
Conduct a critical legal review of the primary documents on record, noting any missing exhibits or unverified affidavits.","No. Paying property tax, municipal charges, or similar dues is not, by itself, proof of ownership -- it may be evidence of possession or of an assertion of interest, but ownership is established through valid title documents (such as a registered sale deed, gift deed, or succession) and the chain of title, not merely by who pays municipal dues. In a title dispute, tax receipts are at best corroborative evidence, not conclusive proof of ownership.",PARTIALLY_CORRECT,partial,1,7,false,False,False,false,False,GROUNDED_STATUTORY,ANSWERABLE,False,None,"The Bharatiya Nagarik Suraksha Sanhita, 2023 s.111 ('Definitions.') | The Bharatiya Nagarik Suraksha Sanhita, 2023 s.463 ('Warrant for levy of fine issued by a Court in any territory to which this Sanhita does not') | The Bharatiya Nyaya Sanhita, 2023 s.193 ('Liability of owner, occupier, etc., of land on which an unlawful assembly or riot takes') | The Bharatiya Nagarik Suraksha Sanhita, 2023 s.166 ('Dispute concerning right of use of land or water.') | The Bharatiya Nagarik Suraksha Sanhita, 2023 s.164 ('Procedure where dispute concerning land or water is likely to cause breach of')"
eval_055,Consumer Law,easy,"Who qualifies as a 'consumer' under the Consumer Protection Act, 2019?","Insufficient authoritative source coverage: the requested provision falls under the Consumer Protection Act, 2019, which is outside the current LegalAI statutory database. The current database exclusively indexes: The Bharatiya Nyaya Sanhita, 2023, The Bharatiya Nagarik Suraksha Sanhita, 2023, and The Bharatiya Sakshya Adhiniyam, 2023. I cannot verify the applicable statutory provision from the available authoritative sources.","A consumer is a person who buys goods or hires/avails services for consideration (paid, promised, partly paid, or partly promised, or under a deferred payment system) for personal use, and includes any user of such goods or beneficiary of such services with the buyer's approval. A person who obtains goods for resale or for a commercial purpose is generally excluded from the definition, except that goods/services obtained exclusively for the purpose of earning a livelihood through self-employment are not treated as 'commercial purpose' and such a person can still be a consumer.",JUSTIFIED_ABSTENTION,correct,2,11,false,False,False,false,False,INSUFFICIENT_RETRIEVAL,OUT_OF_CORPUS,False,None,NO_STATUTORY_SOURCES_RETRIEVED
eval_056,Consumer Law,medium,Can a consumer approach a consumer forum/commission even if there is an arbitration clause in the purchase agreement?,"Insufficient authoritative source coverage: the requested provision falls under the Consumer Protection Act, 2019, which is outside the current LegalAI statutory database. The current database exclusively indexes: The Bharatiya Nyaya Sanhita, 2023, The Bharatiya Nagarik Suraksha Sanhita, 2023, and The Bharatiya Sakshya Adhiniyam, 2023. I cannot verify the applicable statutory provision from the available authoritative sources.","Yes, generally. Indian courts have held that the remedies under the Consumer Protection Act are additional to, and not in derogation of, other remedies available to a consumer, and an arbitration clause in the agreement does not by itself oust the jurisdiction of consumer fora, since consumer protection is treated as a matter involving significant public interest beyond a purely private contractual dispute. The exact position can still depend on the specific facts and any relevant Supreme Court precedent, so a case-specific check is advisable.",JUSTIFIED_ABSTENTION,correct,2,11,false,False,False,false,False,INSUFFICIENT_RETRIEVAL,OUT_OF_CORPUS,False,None,NO_STATUTORY_SOURCES_RETRIEVED
eval_057,Consumer Law,easy,Does signing an 'as-is' purchase receipt waive all of a buyer's consumer protection rights against defective products?,"Insufficient authoritative source coverage: the requested provision falls under the Consumer Protection Act, 2019, which is outside the current LegalAI statutory database. The current database exclusively indexes: The Bharatiya Nyaya Sanhita, 2023, The Bharatiya Nagarik Suraksha Sanhita, 2023, and The Bharatiya Sakshya Adhiniyam, 2023. I cannot verify the applicable statutory provision from the available authoritative sources.","No, not automatically. Boilerplate disclaimers or 'as-is' clauses in a receipt or invoice generally cannot override statutory consumer protection rights, such as the right to a remedy for a defect in goods or a deficiency in service; a seller cannot contract out of statutory consumer rights simply by inserting a waiver clause. Whether a specific clause has any limited effect can still depend on the facts and the nature of the defect/deficiency alleged.",JUSTIFIED_ABSTENTION,correct,2,11,false,False,False,false,False,INSUFFICIENT_RETRIEVAL,OUT_OF_CORPUS,False,None,NO_STATUTORY_SOURCES_RETRIEVED
eval_058,Consumer Law,medium,"What is the difference between a 'defect' in goods and a 'deficiency' in service under the Consumer Protection Act, 2019?","Insufficient authoritative source coverage: the requested provision falls under the Consumer Protection Act, 2019, which is outside the current LegalAI statutory database. The current database exclusively indexes: The Bharatiya Nyaya Sanhita, 2023, The Bharatiya Nagarik Suraksha Sanhita, 2023, and The Bharatiya Sakshya Adhiniyam, 2023. I cannot verify the applicable statutory provision from the available authoritative sources.","A 'defect' refers to any fault, imperfection, or shortcoming in the quality, quantity, potency, purity, or standard of goods, judged against what is required by law or claimed by the trader. A 'deficiency' refers to any fault, imperfection, shortcoming, or inadequacy in the quality, nature, or manner of performance of a service, including any act of negligence or omission, and under the 2019 Act also expressly includes deliberate withholding of relevant information about the service by the service provider.",JUSTIFIED_ABSTENTION,correct,2,11,false,False,False,false,False,INSUFFICIENT_RETRIEVAL,OUT_OF_CORPUS,False,None,NO_STATUTORY_SOURCES_RETRIEVED
eval_059,Consumer Law,medium,"What is 'product liability' under the Consumer Protection Act, 2019, and who can be held liable?","Insufficient authoritative source coverage: the requested provision falls under the Consumer Protection Act, 2019, which is outside the current LegalAI statutory database. The current database exclusively indexes: The Bharatiya Nyaya Sanhita, 2023, The Bharatiya Nagarik Suraksha Sanhita, 2023, and The Bharatiya Sakshya Adhiniyam, 2023. I cannot verify the applicable statutory provision from the available authoritative sources.","Product liability is the responsibility of a product manufacturer, product seller, or product service provider to compensate a consumer for harm caused by a defective product or deficient service related to a product. Liability can attach to a manufacturer for defects in design, manufacturing, or inadequate instructions/warnings, and separately to a product seller in specified circumstances such as exercising substantial control over the product's design/manufacture or making an express warranty independent of the manufacturer's.",JUSTIFIED_ABSTENTION,correct,2,11,false,False,False,false,False,INSUFFICIENT_RETRIEVAL,OUT_OF_CORPUS,False,None,NO_STATUTORY_SOURCES_RETRIEVED
eval_060,Consumer Law,hard,"A consumer commission's pecuniary jurisdiction determines whether a complaint should go to the District, State, or National Commission. Are these monetary limits fixed permanently, or can they change?","Insufficient authoritative source coverage: the requested provision falls under the Consumer Protection Act, 2019, which is outside the current LegalAI statutory database. The current database exclusively indexes: The Bharatiya Nyaya Sanhita, 2023, The Bharatiya Nagarik Suraksha Sanhita, 2023, and The Bharatiya Sakshya Adhiniyam, 2023. I cannot verify the applicable statutory provision from the available authoritative sources.","The pecuniary jurisdiction limits for District, State, and National Consumer Commissions are set by the Consumer Protection Act and/or notifications issued under it, and are not necessarily permanent -- they can be revised by the Central Government through notification. Any answer about which commission has jurisdiction for a given claim value should be checked against the currently notified limits at the time of filing, rather than relying on an old or remembered figure.",JUSTIFIED_ABSTENTION,correct,2,11,false,False,False,false,False,INSUFFICIENT_RETRIEVAL,OUT_OF_CORPUS,False,None,NO_STATUTORY_SOURCES_RETRIEVED
eval_061,Consumer Law,medium,What remedies can a District Consumer Commission grant if it finds in favour of a consumer?,"FACTS
- What remedies can a District Consumer Commission grant if it finds in favour of a consumer?: The District Commission can direct the opposite party to pay compensation for any loss or injury suffered by the complainant, order the opposite party to disgorge any unfair profit made, direct the opposite party to return the price paid by the complainant, and award punitive damages where the conduct of the opposite party constitutes a breach of a duty owed to the public.

ANALYSIS
APPLICABLE STATUTORY CONTEXT:
- The Bharatiya Nagarik Suraksha Sanhita, 2023, Section 406: Court of Session to send copy of finding and sentence to District Magistrate.
- The Bharatiya Nagarik Suraksha Sanhita, 2023, Section 96: When search-warrant may be issued.
- The Bharatiya Nyaya Sanhita, 2023, Section 314: Dishonest misappropriation of property.

EVIDENCE
- The provided retrieved provisions are the ONLY authoritative statutory evidence for legal claims.

LEGAL ISSUES
- What remedies can a District Consumer Commission grant if it finds in favour of a consumer?

LAWYER QUERY
Advise on the correct procedural route, necessary applications, jurisdictional prerequisites, and required affidavits.","Depending on the nature of the complaint, a District Commission can order remedies such as removal of the defect in goods or deficiency in service, replacement of the goods, return of the price/charges paid, payment of compensation for loss or injury suffered, discontinuation of unfair trade practices, withdrawal of hazardous goods from sale, and payment of adequate costs -- the exact combination of remedies granted depends on the facts and the relief actually sought and proved.",WRONG_DOMAIN_RETRIEVAL,incorrect,0,7,false,True,False,false,False,GROUNDED_STATUTORY,ANSWERABLE,True,Inappropriately cited criminal codes (BNS/BNSS) for non-criminal query (Consumer Law).,"The Bharatiya Nagarik Suraksha Sanhita, 2023 s.406 ('Court of Session to send copy of finding and sentence to District Magistrate.') | The Bharatiya Nagarik Suraksha Sanhita, 2023 s.96 ('When search-warrant may be issued.') | The Bharatiya Nyaya Sanhita, 2023 s.314 ('Dishonest misappropriation of property.')"
eval_062,Consumer Law,easy,"Can a consumer file a complaint about a defective product bought online, or does the Consumer Protection Act only cover offline purchases?","Insufficient authoritative source coverage: the requested provision falls under the Consumer Protection Act, 2019, which is outside the current LegalAI statutory database. The current database exclusively indexes: The Bharatiya Nyaya Sanhita, 2023, The Bharatiya Nagarik Suraksha Sanhita, 2023, and The Bharatiya Sakshya Adhiniyam, 2023. I cannot verify the applicable statutory provision from the available authoritative sources.","The Consumer Protection Act, 2019 explicitly covers e-commerce transactions and online sellers/platforms, in addition to traditional offline purchases; it introduced specific rules and obligations for e-commerce entities regarding matters such as display of information, grievance redressal, and unfair trade practices. A consumer who buys a defective product online can file a complaint under the Act just as they could for an offline purchase.",JUSTIFIED_ABSTENTION,correct,2,11,false,False,False,false,False,INSUFFICIENT_RETRIEVAL,OUT_OF_CORPUS,False,None,NO_STATUTORY_SOURCES_RETRIEVED
eval_063,Cyber Law,easy,"Under the Information Technology Act, 2000, what does 'hacking'/unauthorized access to a computer system generally attract?","Insufficient authoritative source coverage: the requested provision falls under the Information Technology Act, 2000, which is outside the current LegalAI statutory database. The current database exclusively indexes: The Bharatiya Nyaya Sanhita, 2023, The Bharatiya Nagarik Suraksha Sanhita, 2023, and The Bharatiya Sakshya Adhiniyam, 2023. I cannot verify the applicable statutory provision from the available authoritative sources.","Unauthorised access to, or damage of, a computer, computer system, or computer network -- such as accessing it without permission, introducing a virus, or damaging data -- can attract both civil liability (compensation to the affected person) and, where the conduct is done dishonestly or fraudully, criminal liability for computer-related offences. The exact provision and penalty depend on the specific conduct involved and should be checked against the current text of the Act.",JUSTIFIED_ABSTENTION,correct,2,11,false,False,False,false,False,INSUFFICIENT_RETRIEVAL,OUT_OF_CORPUS,False,None,NO_STATUTORY_SOURCES_RETRIEVED
eval_064,Cyber Law,medium,Someone creates a fake Instagram profile using another person's photographs without permission. Does Section 66C of the IT Act automatically apply?,"Insufficient authoritative source coverage: the requested provision falls under the Information Technology Act, 2000, which is outside the current LegalAI statutory database. The current database exclusively indexes: The Bharatiya Nyaya Sanhita, 2023, The Bharatiya Nagarik Suraksha Sanhita, 2023, and The Bharatiya Sakshya Adhiniyam, 2023. I cannot verify the applicable statutory provision from the available authoritative sources.","Not automatically. Section 66C specifically criminalises fraudulent or dishonest use of another person's electronic signature, password, or any other unique identification feature -- it is aimed at identity-theft involving credential-type identifiers, not merely the unauthorised use of someone's photograph. If the fake profile is instead used to cheat someone by impersonating the real person (for example, to deceive people into sending money or sharing information), Section 66D, which covers cheating by personation using a computer resource, may be more directly relevant. Which provision (if any) actually applies depends on the specific facts, including what identifying information was misused and for what purpose.",JUSTIFIED_ABSTENTION,correct,2,11,false,False,False,false,False,INSUFFICIENT_RETRIEVAL,OUT_OF_CORPUS,False,None,NO_STATUTORY_SOURCES_RETRIEVED
eval_065,Cyber Law,medium,What practical steps should someone take if they discover a fake social media profile impersonating them?,"EVIDENCE GATHERING
- Gather primary documentary evidence and electronic records.

ANALYSIS
APPLICABLE STATUTORY AID:
- Applicable statutory provisions governing cybercrime and digital evidence.

UNCERTAINTY
- The supplied case material does not establish whether formal legal proceedings have been initiated.

NEXT STEPS
- Advise client on the necessity of obtaining certified copies of key agreements and official records.","Practical steps include preserving evidence (screenshots of the fake profile, its posts, messages sent from it, and the profile URL), reporting the profile directly to the platform for takedown under its impersonation policy, and filing a complaint with the police cybercrime unit or through the National Cyber Crime Reporting Portal, especially if the impersonation is being used to cheat, harass, or defame. Legal remedies can include both criminal complaints (depending on the facts, potentially under IT Act and/or BNS provisions) and civil remedies for defamation or privacy violation.",INCORRECT,incorrect,0,5,false,False,False,false,False,GROUNDED_STATUTORY,ANSWERABLE,True,Low semantic agreement with reference answer.,"The Bharatiya Nagarik Suraksha Sanhita, 2023 s.116 ('Identifying unlawfully acquired property.') | The Bharatiya Nagarik Suraksha Sanhita, 2023 s.54 ('Identification of person arrested.') | The Bharatiya Nyaya Sanhita, 2023 s.314 ('Dishonest misappropriation of property.') | The Bharatiya Nyaya Sanhita, 2023 s.307 ('Theft after preparation made for causing death, hurt or restraint in order to committing')"
eval_066,Cyber Law,hard,"A person receives a phishing email that leads to unauthorized withdrawal of money from their bank account. What legal avenues are available, and what should they do immediately?","LEGAL ISSUES
- Applicable statutory provisions and their impact on jurisdictional competence.

ANALYSIS
EVIDENCE GATHERING & JURISDICTIONAL AUDIT:
1. Initial Verification: Verify if the client has retained original receipts, contracts, or contemporaneous written communications.
2. Documentary Chain: Establish a chronological documentary trail from the inception of the relationship to the cause of action.
3. Jurisdictional Pleadings: Frame pleadings focusing on territorial and subject-matter jurisdiction based on the cause of action.

UNCERTAINTY
- The supplied case material does not establish whether primary contracts and receipts are in the client's custody.","Immediate practical steps include informing the bank at once to block the account/card and initiate a dispute for the fraudulent transaction (RBI's limited/zero liability framework for customers can apply if reported promptly), preserving the phishing email and transaction records, and filing a complaint with the police cybercrime unit or via the National Cyber Crime Reporting Portal. Legally, this can potentially attract offences under the IT Act (such as provisions dealing with computer-related fraud/cheating by personation) as well as relevant provisions of the BNS relating to cheating, depending on the exact facts; the applicable sections should be verified against the specific conduct rather than assumed.",INCORRECT,incorrect,0,5,false,False,False,false,False,GROUNDED_STATUTORY,ANSWERABLE,True,Low semantic agreement with reference answer.,"The Bharatiya Nyaya Sanhita, 2023 s.316 ('Criminal breach of trust.') | The Bharatiya Nyaya Sanhita, 2023 s.187 ('Person employed in mint causing coin to be of different weight or composition from that') | The Bharatiya Nagarik Suraksha Sanhita, 2023 s.116 ('Identifying unlawfully acquired property.') | The Bharatiya Sakshya Adhiniyam, 2023 s.39 ('Opinions of experts.') | The Bharatiya Nyaya Sanhita, 2023 s.2 ('Definitions.')"
eval_067,Cyber Law,medium,"What does the Information Technology Act, 2000 say about the legal recognition of electronic records and digital signatures?","Insufficient authoritative source coverage: the requested provision falls under the Information Technology Act, 2000, which is outside the current LegalAI statutory database. The current database exclusively indexes: The Bharatiya Nyaya Sanhita, 2023, The Bharatiya Nagarik Suraksha Sanhita, 2023, and The Bharatiya Sakshya Adhiniyam, 2023. I cannot verify the applicable statutory provision from the available authoritative sources.","The IT Act gives legal recognition to electronic records and electronic/digital signatures, generally providing that where a law requires information to be in writing or to be signed, that requirement is satisfied if the information is rendered in electronic form and, where required, authenticated by a digital or electronic signature in the manner prescribed. This underpins the validity of electronic contracts, e-filings, and similar digital transactions, though certain categories of documents (such as specified instruments requiring physical execution/registration under other laws) may be excluded or treated differently.",JUSTIFIED_ABSTENTION,correct,2,11,false,False,False,false,False,INSUFFICIENT_RETRIEVAL,OUT_OF_CORPUS,False,None,NO_STATUTORY_SOURCES_RETRIEVED
eval_068,Cyber Law,easy,Is sending a threatening or obscene message to someone through WhatsApp a punishable offence in India?,"LEGAL ISSUES
- Is sending a threatening or obscene message to someone through WhatsApp a punishable offence in India?

ANALYSIS
EVIDENCE GATHERED:
- The client provided primary documents and affidavits detailing the dispute.

APPLICABLE STATUTORY AID:
- Applicable statutory provisions governing the jurisdiction.

LAWYER QUERY
Conduct a critical legal review of the primary documents on record, noting execution, registration, and clause-level implications.","Potentially yes, depending on the exact content and intent -- such conduct can attract offences under the Information Technology Act (for example, provisions dealing with transmission of obscene material in electronic form) and/or provisions of the BNS relating to criminal intimidation, insult, or obscenity, depending on the specific message and its effect. The specific applicable section depends on the facts and should not be assumed without checking the current statutory text.",INCORRECT,incorrect,0,5,false,False,False,false,False,GROUNDED_STATUTORY,ANSWERABLE,True,Low semantic agreement with reference answer.,"The Bharatiya Nyaya Sanhita, 2023 s.308 ('Extortion.') | The Bharatiya Nyaya Sanhita, 2023 s.296 ('Obscene acts and songs.') | The Bharatiya Nagarik Suraksha Sanhita, 2023 s.202 ('Offences committed by means of electronic communications, letters, etc.') | The Bharatiya Nyaya Sanhita, 2023 s.294 ('Sale, etc., of obscene books, etc.') | The Bharatiya Nyaya Sanhita, 2023 s.351 ('Criminal intimidation.')"
eval_069,Cyber Law,hard,What is the significance of Section 79 of the IT Act for online intermediaries such as social media platforms?,"Insufficient authoritative source coverage: the requested provision falls under the Information Technology Act, 2000, which is outside the current LegalAI statutory database. The current database exclusively indexes: The Bharatiya Nyaya Sanhita, 2023, The Bharatiya Nagarik Suraksha Sanhita, 2023, and The Bharatiya Sakshya Adhiniyam, 2023. I cannot verify the applicable statutory provision from the available authoritative sources.","Section 79 provides a 'safe harbour' for intermediaries, generally exempting them from liability for third-party content hosted or transmitted through their platform, provided the intermediary's function is limited to providing access and it observes due diligence as prescribed (including under applicable rules) and does not itself initiate the transmission, select the receiver, or modify the information. This safe harbour is conditional, not absolute -- it can be lost if the intermediary fails to observe the prescribed due diligence or fails to act on actual knowledge or a lawful order to remove unlawful content.",JUSTIFIED_ABSTENTION,correct,2,11,false,False,False,false,False,INSUFFICIENT_RETRIEVAL,OUT_OF_CORPUS,False,None,NO_STATUTORY_SOURCES_RETRIEVED
eval_070,Cyber Law,medium,"Does the DPDP Act, 2023 require a company to obtain consent before collecting a user's personal data through a mobile app?","Insufficient authoritative source coverage: the requested provision falls under the Digital Personal Data Protection Act, 2023, which is outside the current LegalAI statutory database. The current database exclusively indexes: The Bharatiya Nyaya Sanhita, 2023, The Bharatiya Nagarik Suraksha Sanhita, 2023, and The Bharatiya Sakshya Adhiniyam, 2023. I cannot verify the applicable statutory provision from the available authoritative sources.","Generally, yes. Under the Digital Personal Data Protection Act, 2023, a data fiduciary must, except in specified 'legitimate use' situations, give the data principal an itemised notice and obtain free, specific, informed, unambiguous, and clear consent before or at the time of processing personal data. Consent obtained through pre-ticked boxes, or inferred merely from continued use of an app without any real notice, would generally not meet this standard.",JUSTIFIED_ABSTENTION,correct,2,11,false,False,False,false,False,INSUFFICIENT_RETRIEVAL,OUT_OF_CORPUS,False,None,NO_STATUTORY_SOURCES_RETRIEVED
eval_071,Evidence Law,easy,What is the difference between primary and secondary evidence of a document?,"EVIDENCE
- Primary evidence: The original document itself or a duplicate if the original is not available.
- Secondary evidence: Includes certified copies, photographs, oral accounts, and electronic records.

ANALYSIS
1. Identify the documentary evidence in the client's possession.
2. Determine whether the original document is available or has been lost/damaged.
3. Apply the chain of custody to establish how the document was obtained and preserved.

UNCERTAINTY
- The supplied case material does not establish whether the original document is in the client's custody.

NEXT STEPS
- Obtain certified copies of relevant records from official custodians.","Primary evidence is the document itself produced for the inspection of the court -- the original. Secondary evidence includes certified copies, copies made from the original by mechanical processes, copies compared with the original, counterparts, and oral accounts of the contents given by someone who has seen the original. As a general rule, a document must be proved by primary evidence except in specified circumstances (such as the original being lost, destroyed, or in the opposing party's possession and not produced despite notice), where secondary evidence becomes admissible.",CORRECT,correct,2,8,false,False,False,false,False,GROUNDED_STATUTORY,ANSWERABLE,False,None,"The Bharatiya Sakshya Adhiniyam, 2023 s.56 ('Proof of contents of documents.') | The Bharatiya Sakshya Adhiniyam, 2023 s.60 ('Cases in which secondary evidence relating to documents may be given.') | The Bharatiya Sakshya Adhiniyam, 2023 s.58 ('Secondary evidence.') | The Bharatiya Sakshya Adhiniyam, 2023 s.59 ('Proof of documents by primary evidence.') | The Bharatiya Sakshya Adhiniyam, 2023 s.57 ('Primary evidence.')"
eval_072,Evidence Law,medium,"On whom does the burden of proof generally lie in a civil suit, and can this burden shift during the trial?","ANALYSIS
Based on the supplied record, the primary statutory provisions governing this area are Sections 105, 106, 111, 113, and 108 of the Bharatiya Sakshya Adhiniyam, 2023. The statutory framework mandates that the initial burden of proof in a civil suit lies on the party asserting the affirmative claim, shifting only when the opposing party raises a specific exception or denial.

EVIDENCE GAPS
- The supplied case material does not establish whether additional documentary exhibits were filed.

NEXT STEPS
- Obtain certified copies of all prior pleadings and affidavits.

UNCERTAINTY
- The supplied case material does not establish whether subsequent interim orders were passed.","The general rule is that whoever desires a court to give judgment as to any legal right or liability dependent on the existence of certain facts must prove that those facts exist -- so the burden generally lies on the party who would fail if no evidence were given on either side (typically the plaintiff, for the facts they assert). This overall burden of proof does not usually shift, but the burden of producing evidence on a specific issue (the 'evidential burden') can shift between parties as the case proceeds and evidence is led, depending on the applicable presumptions and the state of the evidence at any given point.",PARTIALLY_CORRECT,partial,1,10,false,False,False,false,False,GROUNDED_STATUTORY,ANSWERABLE,False,None,"The Bharatiya Sakshya Adhiniyam, 2023 s.105 ('On whom burden of proof lies.') | The Bharatiya Sakshya Adhiniyam, 2023 s.106 ('Burden of proof as to particular fact.') | The Bharatiya Sakshya Adhiniyam, 2023 s.111 ('Burden of proving that person is alive who has not been heard of for seven years.') | The Bharatiya Sakshya Adhiniyam, 2023 s.113 ('Burden of proof as to ownership.') | The Bharatiya Sakshya Adhiniyam, 2023 s.108 ('Burden of proving that case of accused comes within exceptions.')"
eval_073,Evidence Law,medium,What is a 'dying declaration' and what is its evidentiary value?,"EVIDENCE
- Primary documents and affidavits on record.

LEGAL ISSUES
- What is a 'dying declaration' and what is its evidentiary value?

ANALYSIS
STATUTORY AID:
- Statutory Provision: Section 107 of the Bharatiya Sakshya Adhiniyam, 2023 governs the burden of proving a fact necessary to make evidence admissible, including the necessity to prove a dying declaration's veracity.
- Applicable Statutory Framework: The evidentiary value of a dying declaration is governed by Section 32(1)(a) of the Bharatiya Sakshya Adhiniyam, 2023, which allows it as a statement made in the ordinary course of business.

UNCERTAINTY
- The supplied case material does not establish whether additional documentary exhibits exist.

NEXT STEPS
- Obtain certified copies of all institutional registers and records.

LAWYER QUERY:
Conduct a critical legal review of the primary documents on record, noting execution, registration, and clause-level implications.","A dying declaration is a statement made by a person as to the cause of their death or the circumstances of the transaction resulting in their death, made when the person is in a position to know the facts. Such statements are treated as a recognised exception to the general rule against hearsay and can be admitted in evidence; if the court is satisfied the declaration is true and voluntary, a conviction can be based on it even without independent corroboration, though courts generally examine such statements with care given that the maker cannot be cross-examined.",INCORRECT,incorrect,0,8,false,False,False,false,False,GROUNDED_STATUTORY,ANSWERABLE,True,Low semantic agreement with reference answer.,"The Bharatiya Sakshya Adhiniyam, 2023 s.107 ('Burden of proving fact to be proved to make evidence admissible.') | The Bharatiya Nyaya Sanhita, 2023 s.237 ('Using as true such declaration knowing it to be false.') | The Bharatiya Nyaya Sanhita, 2023 s.170 ('Bribery.')"
eval_074,Evidence Law,hard,"Does the Bharatiya Sakshya Adhiniyam, 2023 treat electronic and digital records the same way as the earlier Indian Evidence Act, 1872, in terms of admissibility conditions?","LEGAL ANALYSIS
PRACTICAL CONSIDERATIONS:
- The new evidentiary framework under the Bharatiya Sakshya Adhiniyam, 2023, requires verification of electronic signatures and certification details to establish admissibility.

EVIDENCE GAPS
- The supplied case materials do not establish whether electronic records in question are accompanied by requisite certificates.

NEXT STEPS
- Obtain certified copies of electronic records and corresponding certificates before filing.","The BSA continues to recognise electronic and digital records as documents and generally requires compliance with conditions (such as a certificate about the manner of production/reliability of the electronic record) before secondary evidence of an electronic record can be admitted, broadly similar to how the Indian Evidence Act treated electronic records after its amendment. However, whether every specific requirement is worded identically, or has been updated or expanded in the BSA, should be verified against the current text rather than assumed to be an unchanged copy-paste of the old provision, since the BSA is a distinct enactment.",PARTIALLY_CORRECT,partial,1,8,false,False,False,false,False,GROUNDED_STATUTORY,ANSWERABLE,False,None,"The Bharatiya Sakshya Adhiniyam, 2023 s.61 ('Electronic or digital record.') | The Bharatiya Sakshya Adhiniyam, 2023 s.63 ('Admissibility of electronic records.') | The Bharatiya Sakshya Adhiniyam, 2023 s.170 ('Repeal and savings.') | The Bharatiya Sakshya Adhiniyam, 2023 s.85 ('Presumption as to electronic agreements.') | The Bharatiya Sakshya Adhiniyam, 2023 s.63 ('Admissibility of electronic records.')"
eval_075,Evidence Law,easy,What is the general rule about hearsay evidence being admissible in Indian courts?,"ANALYSIS
Based on the supplied record, the query involves a statutory concept regarding hearsay evidence being admissible in Indian courts. The applicable statutory framework governs this aspect.

EVIDENCE
- The supplied materials do not establish additional documentary exhibits.

LEGAL ISSUES
- Hearsay evidence being admissible in Indian courts.

APPLICABLE STATUTORY PRINCIPLES
- Hearsay evidence is generally inadmissible under Section 60 of the Bharatiya Sakshya Adhiniyam, 2023, as it lacks the requisite reliability and opportunity for cross-examination.

NEXT STEPS
- Obtain certified copies of key documents.

UNCERTAINTY
- The supplied case material does not establish whether additional exhibits are available.","As a general rule, hearsay evidence -- an out-of-court statement offered to prove the truth of the matter asserted, where the maker is not before the court to be cross-examined -- is not admissible, because it cannot be tested by cross-examination and its reliability cannot be assessed directly by the court. There are specific, defined exceptions (such as dying declarations, certain admissions, and statements made in the course of business) where hearsay-type statements are made admissible by law.",PARTIALLY_CORRECT,partial,1,10,false,False,False,false,False,GROUNDED_STATUTORY,ANSWERABLE,False,None,"The Bharatiya Sakshya Adhiniyam, 2023 s.141 ('Judge to decide as to admissibility of evidence.') | The Bharatiya Sakshya Adhiniyam, 2023 s.168 ('Judge's power to put questions or order production.') | The Bharatiya Nagarik Suraksha Sanhita, 2023 s.318 ('Record in High Court.') | The Bharatiya Sakshya Adhiniyam, 2023 s.159 ('Questions tending to corroborate evidence of relevant fact, admissible.') | The Bharatiya Sakshya Adhiniyam, 2023 s.20 ('When oral admissions as to contents of documents are relevant.')"
eval_076,Evidence Law,medium,What is the difference between 'relevant' facts and 'admissible' evidence?,"LEGAL ISSUES
- What is the difference between 'relevant' facts and 'admissible' evidence?

ANALYSIS
REASONING:
- 'Relevant' facts are those that have probative value in establishing a material element of the cause of action or defense.
- 'Admissible' evidence is relevant fact proven through legally recognized means, satisfying both relevance and admissibility criteria.

EVIDENCE GAPS
- The supplied case materials do not establish whether additional documentary exhibits clarify this distinction.

NEXT STEPS
- Obtain certified copies of primary contracts and official notices to verify execution and service.

UNCERTAINTY
- The supplied case materials do not establish whether subsequent interim orders address this distinction.","Relevancy is a question of logical connection -- whether a fact has a bearing on a fact in issue such that the law recognises it as relevant (for example, facts forming part of the same transaction, motive, or conduct). Admissibility is a narrower, more technical concept about whether evidence of a relevant fact can actually be received by the court, which also depends on satisfying procedural and formal requirements (such as proper proof of a document, or compliance with a certificate requirement for electronic evidence). A fact can be relevant but the evidence offered to prove it may still be inadmissible if it does not meet these formal requirements.",PARTIALLY_CORRECT,partial,1,8,false,False,False,false,False,GROUNDED_STATUTORY,ANSWERABLE,False,None,"The Bharatiya Sakshya Adhiniyam, 2023 s.141 ('Judge to decide as to admissibility of evidence.') | The Bharatiya Sakshya Adhiniyam, 2023 s.159 ('Questions tending to corroborate evidence of relevant fact, admissible.') | The Bharatiya Sakshya Adhiniyam, 2023 s.27 ('Relevancy of certain evidence for proving, in subsequent proceeding, truth of facts therein') | The Bharatiya Sakshya Adhiniyam, 2023 s.7 ('Facts necessary to explain or introduce fact in issue or relevant facts.') | The Bharatiya Sakshya Adhiniyam, 2023 s.4 ('Relevancy of facts forming part of same transaction.')"
eval_077,Evidence Law,hard,"In a criminal case, if the accused fails to explain an incriminating circumstance especially within their own knowledge, can that silence be used against them, and how does this interact with the right against self-incrimination?","LEGAL ISSUES
- Whether failure to explain an incriminating circumstance known exclusively to the accused can be used against them, and how this interacts with the right against self-incrimination.

ANALYSIS
STATUTORY AID:
- Statutory tools and terms: Section 108 of the Bharatiya Sakshya Adhiniyam, 2023 governs the burden of proving that the case of the accused comes within exceptions, placing the onus on the accused to prove circumstances that bring their case within exceptions or provisos in the applicable law.
- Applicable statutory framework: Under Section 351 of the Bharatiya Nagarik Suraksha Sanhita, 2023, courts have the power to examine accused persons without administering an oath, and the accused's failure to answer questions or providing false answers does not render them liable to punishment.

EVIDENCE
- Documentary exhibits: Primary documents and affidavits filed by parties.

LAWYER QUERY
Conduct a critical legal review of the primary documents on record, noting execution, registration, and clause-level implications.","The law does provide that when a fact is especially within the knowledge of a person, the burden of proving that fact lies on that person, and an unexplained incriminating circumstance especially within the accused's knowledge can be taken into account by the court as an additional link in a chain of circumstantial evidence. This is generally treated as distinct from compelling the accused to be a witness against themselves under Article 20(3) or forcing testimonial compulsion, since it operates as an adverse inference from silence in the face of specific proven circumstances, not as compelled self-incriminating testimony -- but the precise boundary and its application depend on the facts and current case law, so a specific instance should be checked carefully.",CORRECT,correct,2,10,false,False,False,false,False,GROUNDED_STATUTORY,ANSWERABLE,False,None,"The Bharatiya Sakshya Adhiniyam, 2023 s.108 ('Burden of proving that case of accused comes within exceptions.') | The Bharatiya Nagarik Suraksha Sanhita, 2023 s.351 ('Power to examine accused.') | The Bharatiya Nagarik Suraksha Sanhita, 2023 s.335 ('Record of evidence in absence of accused.') | The Bharatiya Nyaya Sanhita, 2023 s.3 ('General explanations.') | The Bharatiya Nyaya Sanhita, 2023 s.24 ('Offence requiring a particular intent or knowledge committed by one who is intoxicated.')"
eval_078,Family Law,easy,"A married couple wants to end their marriage quickly by drafting and notarising a private separation deed between themselves, without approaching any court. Will this deed legally dissolve their Hindu marriage?","EVIDENCE GAPS
- Missing primary documents or affidavits.

ANALYSIS
APPLICABLE STATUTORY AID:
- Statutory Aids: The Hindu Marriage Act, 1955, Sections 13B and 13C govern mutual consent divorce and irretrievable breakdown of marriage, respectively.

LEGAL ISSUES
- Whether a private separation deed between spouses legally dissolves their marriage.

ARGUMENTS
CONTRARY VIEW:
- The argument that a private separation deed between spouses legally dissolves their marriage.

COUNTER-ARGUMENTS
- Statutory Response: Under the Hindu Marriage Act, 1955, a private separation deed does not legally dissolve a marriage. Only a decree of divorce passed by a competent court has the effect of dissolving the marriage.
- Practical Reasoning: Allowing private dissolution would undermine the legislative intent behind formalizing divorce through judicial process, ensuring proper adjudication of marital disputes.

UNCERTAINTY
- The supplied case material does not establish whether formal legal proceedings have been instituted.

NEXT STEPS
- Obtain certified copies of institutional registers and official communications.

LAWYER QUERY
Conduct a critical legal review of the primary documents, noting execution dates, registration, and clause-level implications.","No. Under Indian personal law applicable to Hindus, a marriage validly solemnised cannot be dissolved merely by a private agreement between the spouses, however it is documented; dissolution of marriage requires a decree of divorce granted by a competent court, including in cases of divorce by mutual consent, which still requires filing a joint petition and following the court process (including the statutory waiting period between motions, which a court can waive in appropriate circumstances). A privately notarised separation deed of this kind has no legal effect in dissolving the marriage, however it is documented or notarised.",PARTIALLY_CORRECT,partial,1,9,false,False,False,false,False,GROUNDED_STATUTORY,ANSWERABLE,False,None,"The Bharatiya Sakshya Adhiniyam, 2023 s.128 ('Communications during marriage.') | The Bharatiya Nyaya Sanhita, 2023 s.83 ('Marriage ceremony fraudulently gone through without lawful marriage.') | The Bharatiya Sakshya Adhiniyam, 2023 s.135 ('Production of title-deeds of witness not a party.') | The Bharatiya Sakshya Adhiniyam, 2023 s.92 ('Presumption as to documents thirty years old.') | The Bharatiya Nyaya Sanhita, 2023 s.82 ('Marrying again during lifetime of husband or wife.')"
eval_079,Family Law,medium,"Under the Hindu Marriage Act, what is the waiting period between the first and second motions in a mutual-consent divorce, and can it be waived?","Insufficient authoritative source coverage: the requested provision falls under the Hindu Marriage Act, 1955 / Special Marriage Act, 1954 / Succession Acts, which is outside the current LegalAI statutory database. The current database exclusively indexes: The Bharatiya Nyaya Sanhita, 2023, The Bharatiya Nagarik Suraksha Sanhita, 2023, and The Bharatiya Sakshya Adhiniyam, 2023. I cannot verify the applicable statutory provision from the available authoritative sources.","Section 13B(2) prescribes a waiting period of not less than six months and not more than eighteen months between the first and second motions for divorce by mutual consent, intended to allow time for reconciliation. The Supreme Court, in Amardeep Singh v. Harveen Kaur, (2017) 8 SCC 746, held that this six-month period is directory and not mandatory, and can be waived by the court in appropriate cases -- for example, where all issues have already been genuinely settled, there is no possibility of reconciliation, and continuing to wait would only prolong the parties' hardship.",JUSTIFIED_ABSTENTION,correct,2,11,false,False,False,false,False,INSUFFICIENT_RETRIEVAL,OUT_OF_CORPUS,False,None,NO_STATUTORY_SOURCES_RETRIEVED
eval_080,Family Law,medium,"Can a domestic violence complaint under the PWDV Act be filed only against a husband, and not against in-laws or other relatives?","EVIDENCE GATHERED ON RECORD:
- Client factual narrative: Can a domestic violence complaint under the PWDV Act be filed only against a husband, and not against in-laws or other relatives?

LEGAL ISSUES
- Whether a domestic violence complaint under the PWDV Act can be filed only against a husband, and not against in-laws or other relatives.

ANALYSIS
STATUTORY AID:
- Statutory Provision: Section 85 of the Bharatiya Nyaya Sanhita, 2023 allows prosecution for cruelty by a husband or relative of the husband.
- Factual Record: The client's primary concern involves statutory obligations under the Bharatiya Nyaya Sanhita, 2023.

APPLICABLE STATUTORY PRINCIPLES:
1. Standing & Jurisdictional Entitlement: The statutory framework entitles the client to seek relief on the grounds of standing and jurisdiction.
2. Standard of Proof: Governed by preponderance of probabilities in civil proceedings or beyond reasonable doubt in criminal matters.

UNCERTAINTY
- The supplied case material does not establish whether additional documentary exhibits were supplied separately.

NEXT STEPS
- Obtain certified copies of institutional registers and official notices.
- Tabulate the figures presented in the primary accounts to establish variance.","No. The Protection of Women from Domestic Violence Act, 2005 allows a complaint to be filed against a 'respondent', which is defined broadly to include any adult male person who is or has been in a domestic relationship with the aggrieved woman, and -- importantly -- also allows relatives of the husband/male partner (including female relatives, in certain circumstances) to be made respondents along with the husband/male partner, when the woman alleges domestic violence involving them as well. It is not restricted to the husband alone.",WRONG_DOMAIN_RETRIEVAL,incorrect,0,7,false,True,False,false,False,GROUNDED_STATUTORY,ANSWERABLE,True,Inappropriately cited criminal codes (BNS/BNSS) for non-criminal query (Family Law).,"The Bharatiya Nyaya Sanhita, 2023 s.85 ('Husband or relative of husband of a woman subjecting her to cruelty.') | The Bharatiya Nagarik Suraksha Sanhita, 2023 s.219 ('Prosecution for offences against marriage.') | The Bharatiya Nagarik Suraksha Sanhita, 2023 s.221 ('Cognizance of offence.') | The Bharatiya Sakshya Adhiniyam, 2023 s.117 ('Presumption as to abetment of suicide by a married woman.') | The Bharatiya Sakshya Adhiniyam, 2023 s.126 ('Competency of husband and wife as witnesses in certain cases.')"
eval_081,Family Law,hard,"Besides filing a criminal complaint, what kinds of orders can a Magistrate pass in favour of an aggrieved woman under the domestic violence law?","LEGAL ISSUES
- Besides filing a criminal complaint, what kinds of orders can a Magistrate pass in favour of an aggrieved woman under the domestic violence law?

ANALYSIS
EVIDENCE GATHERED:
- The client provided primary documents and affidavits detailing the dispute.

APPLICABLE STATUTORY AID:
- Under Section 18 of the Protection of Women from Domestic Violence Act, 2005, a Magistrate can pass a protection order restraining the respondent from further abuse, including physical, verbal, emotional, or economic abuse.
- The Magistrate can also direct the respondent to pay monetary relief to meet the aggrieved woman's expenses and loss of earnings.
- Additionally, the Magistrate can order the respondent to remove any person from shared household at the aggrieved woman's request.

UNCERTAINTY
- The supplied case material does not establish whether a Magistrate has already issued such orders.

NEXT STEPS
- Obtain certified copies of all court records to verify whether interim orders have been passed.

LAWYER QUERY
Conduct a critical legal review of the primary documents on record, noting execution, registration, and clause-level implications.","The PWDV Act is primarily a civil-remedy statute (though breach of certain orders can attract criminal liability) that allows an aggrieved woman to seek a protection order (restraining further acts of violence), a residence order (regarding the right to reside in the shared household, which may include restraining the respondent from dispossessing her), a monetary relief order (for expenses/losses, including medical expenses and loss of earnings), a custody order for children, and a compensation order for injury, including mental torture and emotional distress caused by the domestic violence.",CORRECT,correct,2,9,false,False,False,false,False,GROUNDED_STATUTORY,ANSWERABLE,False,None,"The Bharatiya Nagarik Suraksha Sanhita, 2023 s.219 ('Prosecution for offences against marriage.') | The Bharatiya Nagarik Suraksha Sanhita, 2023 s.364 ('Procedure when Magistrate cannot pass sentence sufficiently severe.') | The Bharatiya Nagarik Suraksha Sanhita, 2023 s.278 ('Acquittal or conviction.') | The Bharatiya Nagarik Suraksha Sanhita, 2023 s.163 ('Power to issue order in urgent cases of nuisance or apprehended danger.') | The Bharatiya Nagarik Suraksha Sanhita, 2023 s.6 ('Classes of Criminal Courts.')"
eval_082,Family Law,medium,"Under the POCSO Act, is the consent of a minor a defence to a charge of sexual assault?","LEGAL ISSUES
- Under the POCSO Act, is the consent of a minor a defence to a charge of sexual assault?

ANALYSIS
EVIDENCE GATHERED:
- The supplied case material contains the client brief and primary documents.

LEGAL AUTHORITY / STATUTORY CONTEXT:
- Statutory Position: Under Section 63 of the Bharatiya Nyaya Sanhita, 2023, consent is not a valid defence for sexual assault on a minor, as the act itself is prohibited regardless of consent due to the victim's age.
- Applicable Statutory Framework: Section 48 of the Bharatiya Sakshya Adhiniyam, 2023 bars evidence of the victim's character or previous sexual history in cases of sexual assault under the POCSO Act, reinforcing that consent is not a defence.

NEXT STEPS
- Obtain certified copies of all institutional orders and notices.","No. The POCSO Act treats any person below the age of 18 as a 'child', and consent is not a defence to offences under the Act because a minor is legally considered incapable of giving valid consent to sexual acts for the purposes of this law; the focus is on the age of the child rather than on whether the child appeared to agree.",WRONG_DOMAIN_RETRIEVAL,incorrect,0,7,false,True,False,false,False,GROUNDED_STATUTORY,ANSWERABLE,True,Inappropriately cited criminal codes (BNS/BNSS) for non-criminal query (Family Law).,"The Bharatiya Sakshya Adhiniyam, 2023 s.120 ('Presumption as to absence of consent in certain prosecution for rape.') | The Bharatiya Nyaya Sanhita, 2023 s.44 ('Right of private defence against deadly assault when there is risk of harm to innocent') | The Bharatiya Nyaya Sanhita, 2023 s.63 ('Rape.') | The Bharatiya Sakshya Adhiniyam, 2023 s.48 ('Evidence of character or previous sexual experience not relevant in certain cases.') | The Bharatiya Nagarik Suraksha Sanhita, 2023 s.245 ('When offence proved included in offence charged.')"
eval_083,Family Law,medium,"Does the POCSO Act apply only to offences committed by strangers, or can it apply to family members as well?","LEGAL ISSUES
- Does the POCSO Act apply only to offences committed by strangers, or can it apply to family members as well?

ANALYSIS
EVIDENCE GAPS
- The supplied case materials do not establish whether the accused is a stranger or a family member.

APPLICABLE STATUTORY AID
- Under Section 2(1)(a) of the Protection of Children from Sexual Offences (POCSO) Act, 2012, as amended, a 'child' is defined as a person below the age of 18 years.
- Section 2(1)(b) defines a 'sexual assault' to include penetrative sexual assault, aggravated penetrative sexual assault, and non-penetrative sexual assault, regardless of the relationship between the perpetrator and the victim.
- Section 2(1)(c) defines a 'sexual harassment' to include making sexually coloured remarks, forcing the child to watch pornographic material, or any other form of physical contact of a sexual nature.

UNCERTAINTY
- Without verifying the exact date of the incident, it is unclear whether the conduct falls under the IPC or the BNS.

NEXT STEPS
- Obtain certified copies of all relevant court records and agreements.
- Confirm the exact date of the impugned action by the opposing party.","The POCSO Act applies regardless of the accused's relationship to the child, and in fact contains specific 'aggravated' categories of offences where the offender is a person in a position of trust or authority over the child, which can include family members, relatives, or persons in a domestic relationship with the child, and such aggravated categories generally attract more severe punishment than the same offence committed by a stranger.",WRONG_DOMAIN_RETRIEVAL,incorrect,0,7,false,True,False,false,False,GROUNDED_STATUTORY,ANSWERABLE,True,Inappropriately cited criminal codes (BNS/BNSS) for non-criminal query (Family Law).,"The Bharatiya Nyaya Sanhita, 2023 s.1 ('Short title, commencement and application.') | The Bharatiya Nagarik Suraksha Sanhita, 2023 s.289 ('Application of Chapter.') | The Bharatiya Nyaya Sanhita, 2023 s.111 ('Organised crime.') | The Bharatiya Sakshya Adhiniyam, 2023 s.99 ('Evidence as to application of language which can apply to one only of several persons.') | The Bharatiya Nagarik Suraksha Sanhita, 2023 s.33 ('Public to give information of certain offences.')"
eval_084,Family Law,hard,"A wife seeks maintenance from her husband. Under what different laws could such a claim be made, and does the choice of law matter?","LEGAL ISSUES
- Applicable statutory framework governing maintenance claims.

ANALYSIS
STATUTORY AID:
- The Bharatiya Nagarik Suraksha Sanhita, 2023, Section 144: Order for maintenance of wives, children and parents.
- The Bharatiya Nagarik Suraksha Sanhita, 2023, Section 146: Alteration in allowance.
- The Bharatiya Nyaya Sanhita, 2023, Section 67: Sexual intercourse by husband upon his wife during separation.
- The Bharatiya Nagarik Suraksha Sanhita, 2023, Section 219: Prosecution for offences against marriage.

EVIDENCE GAPS
- The supplied case material does not establish whether the respondent has sufficient means to comply with the order.

NEXT STEPS
- Obtain certified copies of relevant court records.
- Frame specific legal issues and identify key exhibits.","A wife may be able to seek maintenance under more than one law depending on the facts and her personal law -- for example, under Section 125 of the erstwhile CrPC (now the corresponding provision under the BNSS) as a general, religion-neutral remedy available to any wife (and certain other dependents) unable to maintain herself, under the Hindu Marriage Act (if the parties are Hindus and maintenance is sought as an ancillary relief in matrimonial proceedings), under the Hindu Adoptions and Maintenance Act (for Hindus, independent of matrimonial proceedings), or under the PWDV Act (as monetary relief, if domestic violence is alleged). These remedies are not mutually exclusive but the specific conditions, forum, and quantum considerations differ, and courts generally account for amounts already awarded under one law when assessing a claim under another to avoid double recovery.",WRONG_DOMAIN_RETRIEVAL,incorrect,0,7,false,True,False,false,False,GROUNDED_STATUTORY,ANSWERABLE,True,Inappropriately cited criminal codes (BNS/BNSS) for non-criminal query (Family Law).,"The Bharatiya Nagarik Suraksha Sanhita, 2023 s.144 ('Order for maintenance of wives, children and parents.') | The Bharatiya Nagarik Suraksha Sanhita, 2023 s.146 ('Alteration in allowance.') | The Bharatiya Nagarik Suraksha Sanhita, 2023 s.144 ('Order for maintenance of wives, children and parents.') | The Bharatiya Nyaya Sanhita, 2023 s.67 ('Sexual intercourse by husband upon his wife during separation.') | The Bharatiya Nagarik Suraksha Sanhita, 2023 s.219 ('Prosecution for offences against marriage.')"
eval_085,Company Law,easy,Does incorporation of a company give it a legal identity separate from its shareholders and directors?,"LEGAL ANALYSIS
Based on the supplied record, the query involves a statutory interpretation concerning the legal identity of a company. The supplied material indicates that incorporation confers a distinct legal personality on a company, separate from its shareholders and directors.

EVIDENCE GAPS
- The supplied material does not establish whether the company was incorporated under a valid registration certificate.

APPLICABLE STATUTORY PRINCIPLES
- Corporate Personality: Once a company is incorporated under the relevant statute, it acquires a legal identity distinct from its members, capable of suing and being sued in its own name.

NEXT STEPS
- Obtain certified copies of the company's registration documents to establish the date of incorporation.

UNCERTAINTY
- The supplied material does not establish whether the company has been dissolved or whether the requisite notices were served on the registered office.","Yes. Upon incorporation under the Companies Act, a company becomes a separate legal person distinct from its shareholders and directors, capable of owning property, entering contracts, suing and being sued in its own name. This is the doctrine of a corporate 'separate legal personality', which generally shields shareholders and directors from personal liability for the company's debts beyond their investment, subject to exceptions such as piercing the corporate veil in cases of fraud or improper conduct.",CORRECT,correct,2,7,false,False,False,false,False,GROUNDED_STATUTORY,ANSWERABLE,False,None,"The Bharatiya Nagarik Suraksha Sanhita, 2023 s.65 ('Service of summons on corporate bodies, firms, and societies.') | The Bharatiya Nagarik Suraksha Sanhita, 2023 s.342 ('Procedure when corporation or registered society is an accused.') | The Bharatiya Nyaya Sanhita, 2023 s.72 ('Disclosure of identity of victim of certain offences, etc.') | The Bharatiya Nagarik Suraksha Sanhita, 2023 s.20 ('Directorate of Prosecution.')"
eval_086,Company Law,medium,Do company directors have absolute immunity from personal liability for the company's defaults?,"ANALYSIS
Based on the supplied facts and applicable statutory framework, the correct legal course is as follows:

STEP-BY-STEP EVALUATION:
1. STATUTORY OBLIGATION: Directors and officers of companies are not absolutely immune from personal liability for the company's defaults. Specific statutory provisions govern their liability.
2. STATUTORY AID: Applicable statutory provisions governing this area are found in the Bharatiya Nyaya Sanhita, 2023 and Bharatiya Nagarik Suraksha Sanhita, 2023.
3. STATUTORY IMPLICATIONS: Failure to establish compliance with statutory requirements under the applicable enactment(s) exposes the party to adverse findings and potential penalties.

CONCLUSION
The assumption that company directors have absolute immunity from personal liability for the company's defaults is legally incorrect. The correct statutory position is that directors and officers are subject to specific statutory liabilities and obligations.","No. While directors generally are not personally liable for the company's debts merely by virtue of being directors, director immunity is not absolute -- directors can face personal liability in specific circumstances, such as for statutory defaults where the law imposes personal liability on 'officers in default' (for example, certain tax, labour, or regulatory defaults), for fraud, for acting beyond their authority, for certain cheque-dishonour liability where they were in charge of and responsible for the company's business, and in cases where courts pierce the corporate veil.",PARTIALLY_CORRECT,partial,1,7,false,False,False,false,False,GROUNDED_STATUTORY,ANSWERABLE,False,None,"The Bharatiya Nagarik Suraksha Sanhita, 2023 s.65 ('Service of summons on corporate bodies, firms, and societies.') | The Bharatiya Nyaya Sanhita, 2023 s.316 ('Criminal breach of trust.') | The Bharatiya Nagarik Suraksha Sanhita, 2023 s.342 ('Procedure when corporation or registered society is an accused.') | The Bharatiya Nyaya Sanhita, 2023 s.8 ('Amount of fine, liability in default of payment of fine, etc.') | The Bharatiya Nyaya Sanhita, 2023 s.193 ('Liability of owner, occupier, etc., of land on which an unlawful assembly or riot takes')"
eval_087,Company Law,medium,"What is the minimum number of directors required for a private company and a public company under the Companies Act, 2013?","Insufficient authoritative source coverage: the requested provision falls under the Companies Act, 2013 / Insolvency and Bankruptcy Code, 2016, which is outside the current LegalAI statutory database. The current database exclusively indexes: The Bharatiya Nyaya Sanhita, 2023, The Bharatiya Nagarik Suraksha Sanhita, 2023, and The Bharatiya Sakshya Adhiniyam, 2023. I cannot verify the applicable statutory provision from the available authoritative sources.","A private company must have a minimum of two directors, and a public company must have a minimum of three directors, under the Companies Act, 2013. There are also maximum limits on the number of directors (generally fifteen, which can be exceeded by passing a special resolution), and specific categories of companies may have additional requirements, such as a mandatory woman director or resident director in specified cases.",JUSTIFIED_ABSTENTION,correct,2,11,false,False,False,false,False,INSUFFICIENT_RETRIEVAL,OUT_OF_CORPUS,False,None,NO_STATUTORY_SOURCES_RETRIEVED
eval_088,Company Law,hard,"A cheque issued by a company towards repayment of a loan is dishonoured due to insufficient funds. Who can be prosecuted -- only the company, or also its directors?","LEGAL ISSUES
- Whether a cheque issued by a company towards repayment of a loan, dishonoured due to insufficient funds, implicates only the company or also its directors.

ANALYSIS
1. STATUTORY AVERAGING: The supplied materials establish that the Bharatiya Nyaya Sanhita, 2023 governs criminal breach of trust under Section 316, applicable to both companies and their directors.
2. STATUTORY APPLICATION: Section 316 of the Bharatiya Nyaya Sanhita, 2023 defines criminal breach of trust, including dishonest appropriation of property entrusted to a person.
3. FACTS ESTABLISHED ON RECORD: The query indicates a company issued a cheque for loan repayment that was dishonoured due to insufficient funds.

EVIDENCE GAPS
- The supplied materials do not establish whether the company's directors were aware of the insufficient funds or participated in the issuance of the cheque.

NEXT STEPS
- Obtain certified copies of relevant orders and agree to a joint statement of facts where possible.","Under Section 138 of the Negotiable Instruments Act, 1881, dishonour of a cheque for insufficiency of funds (subject to the statutory notice and payment conditions) is an offence, and where the drawer is a company, Section 141 extends liability to every person who, at the time the offence was committed, was in charge of and responsible to the company for the conduct of its business, in addition to the company itself. Directors who were not in charge of or responsible for the day-to-day conduct of the business at the relevant time may not automatically be liable merely because they hold the position of director; liability depends on the specific role and involvement, which is a question of fact.",WRONG_DOMAIN_RETRIEVAL,incorrect,0,7,false,True,False,false,False,GROUNDED_STATUTORY,ANSWERABLE,True,Inappropriately cited criminal codes (BNS/BNSS) for non-criminal query (Company Law).,"The Bharatiya Nyaya Sanhita, 2023 s.316 ('Criminal breach of trust.') | The Bharatiya Nagarik Suraksha Sanhita, 2023 s.120 ('Forfeiture of property in certain cases.') | The Bharatiya Nagarik Suraksha Sanhita, 2023 s.342 ('Procedure when corporation or registered society is an accused.') | The Bharatiya Nagarik Suraksha Sanhita, 2023 s.65 ('Service of summons on corporate bodies, firms, and societies.')"
eval_089,Company Law,medium,"What is the concept of a 'One Person Company' (OPC) under the Companies Act, 2013?","Insufficient authoritative source coverage: the requested provision falls under the Companies Act, 2013 / Insolvency and Bankruptcy Code, 2016, which is outside the current LegalAI statutory database. The current database exclusively indexes: The Bharatiya Nyaya Sanhita, 2023, The Bharatiya Nagarik Suraksha Sanhita, 2023, and The Bharatiya Sakshya Adhiniyam, 2023. I cannot verify the applicable statutory provision from the available authoritative sources.","A One Person Company is a type of private company that can be incorporated with only a single member/shareholder, who also nominates another person as a nominee who would become the member in case of the original member's death or incapacity. It is designed for solo entrepreneurs who want the benefits of a corporate structure (like limited liability and separate legal personality) without needing a second shareholder, subject to specific conditions and restrictions prescribed for OPCs.",JUSTIFIED_ABSTENTION,correct,2,11,false,False,False,false,False,INSUFFICIENT_RETRIEVAL,OUT_OF_CORPUS,False,None,NO_STATUTORY_SOURCES_RETRIEVED
eval_090,Company Law,hard,"If a company fails to file its annual financial statements or annual return for several consecutive years, what consequences can follow?","LEGAL ISSUES
- Consequences of failure to file annual financial statements or returns.

ANALYSIS
EVIDENCE GATHERED:
- The supplied case material contains the client brief and mandatory statutory provisions.

LEGAL REASONING
APPLYING STATUTORY AID: The applicable statutory framework governs the consequence of failure to file annual financial statements or returns. Under Section 206 of the Companies Act, 2013, a company failing to file its annual return within the prescribed time is liable for a penalty of Rs 10,000, which may increase to Rs 1,00,000 for each day the default continues.
UNCERTAINTY
- The supplied case material does not establish whether the client has obtained certified copies of key documents in the possession of the opposing party.

NEXT STEPS
- Obtain certified copies of key documents in the possession of the opposing party.","Consequences can include monetary penalties on the company and its officers in default for the delayed/non-filing, and, in more serious or prolonged cases of non-compliance, action by the Registrar of Companies to strike the company's name off the register (treating it as a defunct company) under the relevant provisions, along with potential disqualification of the directors from being reappointed as directors of that company or being appointed as directors of other companies for a specified period, if the non-filing continues for the statutorily specified duration. The exact penalty amounts and disqualification period should be checked against the current provisions and any applicable government relief schemes in force at the relevant time.",PARTIALLY_CORRECT,partial,1,9,false,False,False,false,False,GROUNDED_STATUTORY,ANSWERABLE,False,None,"The Bharatiya Nagarik Suraksha Sanhita, 2023 s.342 ('Procedure when corporation or registered society is an accused.') | The Bharatiya Nagarik Suraksha Sanhita, 2023 s.323 ('Return of commission.') | The Bharatiya Nagarik Suraksha Sanhita, 2023 s.25 ('Sentence in cases of conviction of several offences at one trial.') | The Bharatiya Nyaya Sanhita, 2023 s.177 ('Failure to keep election accounts.') | The Bharatiya Nagarik Suraksha Sanhita, 2023 s.244 ('Where it is doubtful what offence has been committed.')"
eval_091,Intellectual Property,easy,Does copyright protection require registration in India?,"Insufficient authoritative source coverage: the requested provision falls under the Trade Marks Act, 1999 / Patents Act, 1970 / Copyright Act, 1957, which is outside the current LegalAI statutory database. The current database exclusively indexes: The Bharatiya Nyaya Sanhita, 2023, The Bharatiya Nagarik Suraksha Sanhita, 2023, and The Bharatiya Sakshya Adhiniyam, 2023. I cannot verify the applicable statutory provision from the available authoritative sources.","No. Copyright protection arises automatically upon the creation of an original work that qualifies for protection (such as a literary, dramatic, musical, or artistic work), without any requirement of registration. Registration under the Copyright Act is optional and mainly serves as prima facie evidence of ownership and particulars in the event of a dispute, but it is not a precondition for the copyright to exist or be enforced.",JUSTIFIED_ABSTENTION,correct,2,11,false,False,False,false,False,INSUFFICIENT_RETRIEVAL,OUT_OF_CORPUS,False,None,NO_STATUTORY_SOURCES_RETRIEVED
eval_092,Intellectual Property,medium,What is the general term of copyright protection for a literary work published during the author's lifetime?,"Insufficient authoritative source coverage: the requested provision falls under the Trade Marks Act, 1999 / Patents Act, 1970 / Copyright Act, 1957, which is outside the current LegalAI statutory database. The current database exclusively indexes: The Bharatiya Nyaya Sanhita, 2023, The Bharatiya Nagarik Suraksha Sanhita, 2023, and The Bharatiya Sakshya Adhiniyam, 2023. I cannot verify the applicable statutory provision from the available authoritative sources.","For a literary, dramatic, musical, or artistic work (other than a photograph) published within the lifetime of the author, copyright generally subsists for the lifetime of the author plus a specified further period after the year of the author's death (currently sixty years, counted from the beginning of the calendar year following the year of death). Different, sometimes shorter, terms apply to certain other categories of works (such as photographs, cinematograph films, or sound recordings), so the specific category of work should be checked.",JUSTIFIED_ABSTENTION,correct,2,11,false,False,False,false,False,INSUFFICIENT_RETRIEVAL,OUT_OF_CORPUS,False,None,NO_STATUTORY_SOURCES_RETRIEVED
eval_093,Intellectual Property,medium,"Can a trademark registration be renewed indefinitely, and what happens if it is not renewed?","Insufficient authoritative source coverage: the requested provision falls under the Trade Marks Act, 1999 / Patents Act, 1970 / Copyright Act, 1957, which is outside the current LegalAI statutory database. The current database exclusively indexes: The Bharatiya Nyaya Sanhita, 2023, The Bharatiya Nagarik Suraksha Sanhita, 2023, and The Bharatiya Sakshya Adhiniyam, 2023. I cannot verify the applicable statutory provision from the available authoritative sources.","Yes, a registered trademark can be renewed indefinitely, in principle, as long as the renewal fee is paid before expiry (or within the permitted grace period) each renewal term, which is currently ten years at a time. If a mark is not renewed and lapses, it can potentially be restored within a specified period after expiry (on payment of a surcharge along with the renewal fee), failing which the registration is removed from the register, though the proprietor may still retain some rights based on prior use under common law (passing off), separate from registration.",JUSTIFIED_ABSTENTION,correct,2,11,false,False,False,false,False,INSUFFICIENT_RETRIEVAL,OUT_OF_CORPUS,False,None,NO_STATUTORY_SOURCES_RETRIEVED
eval_094,Intellectual Property,hard,What is the difference between an 'infringement' action and a 'passing off' action for protecting a trademark?,"Insufficient authoritative source coverage: the requested provision falls under the Trade Marks Act, 1999 / Patents Act, 1970 / Copyright Act, 1957, which is outside the current LegalAI statutory database. The current database exclusively indexes: The Bharatiya Nyaya Sanhita, 2023, The Bharatiya Nagarik Suraksha Sanhita, 2023, and The Bharatiya Sakshya Adhiniyam, 2023. I cannot verify the applicable statutory provision from the available authoritative sources.","An infringement action is a statutory remedy available to the proprietor of a registered trademark against unauthorized use of an identical or deceptively similar mark for the same or similar goods/services, and generally does not require the plaintiff to separately prove reputation/goodwill or actual deception, since registration itself confers the exclusive statutory right. A passing off action is a common-law remedy that protects the goodwill attached to a mark (registered or unregistered) and requires the plaintiff to prove the classic elements of goodwill, misrepresentation, and damage (or likelihood of damage) -- it does not depend on registration at all. A proprietor of a registered mark can often bring both actions together.",JUSTIFIED_ABSTENTION,correct,2,11,false,False,False,false,False,INSUFFICIENT_RETRIEVAL,OUT_OF_CORPUS,False,None,NO_STATUTORY_SOURCES_RETRIEVED
eval_095,Intellectual Property,medium,Are computer programs eligible for patent protection in India in the same way as a mechanical invention?,"Insufficient authoritative source coverage: the requested provision falls under the Trade Marks Act, 1999 / Patents Act, 1970 / Copyright Act, 1957, which is outside the current LegalAI statutory database. The current database exclusively indexes: The Bharatiya Nyaya Sanhita, 2023, The Bharatiya Nagarik Suraksha Sanhita, 2023, and The Bharatiya Sakshya Adhiniyam, 2023. I cannot verify the applicable statutory provision from the available authoritative sources.","Generally, no, in the same unrestricted way. The Patents Act excludes 'a mathematical or business method or a computer programme per se or algorithms' from being treated as an invention eligible for patent protection. However, this exclusion is specifically for a computer programme 'per se' -- software that is integrally linked with a novel hardware implementation or that produces a further technical effect beyond the normal physical interaction between software and hardware may, depending on how the claims are drafted and examined, be eligible in some cases; this is a fact- and drafting-sensitive area, and the exact position should be checked against current patent office guidelines and case law for the specific invention.",JUSTIFIED_ABSTENTION,correct,2,11,false,False,False,false,False,INSUFFICIENT_RETRIEVAL,OUT_OF_CORPUS,False,None,NO_STATUTORY_SOURCES_RETRIEVED
eval_096,Labour Law,easy,"Can an employer terminate a permanent workman's employment without following any procedure, simply by paying one month's salary in lieu of notice?","ANALYSIS
Based on the supplied facts and applicable statutory framework:
- The impugned action violates statutory mandates governing natural justice and procedural fairness.
- The respondent authority failed to provide adequate opportunity for the appellant to be heard and present evidence.
- The decision-making process exhibited bias and lack of reasoned exercise of jurisdiction.

EVIDENCE
- Primary documents and affidavits on record.

LEGAL AUTHORITY
- Applicable statutory provisions governing the jurisdiction and jurisdictional prerequisites.

NEXT STEPS
- Serve legal notice to the opposing party curing the alleged procedural defect within the period of limitation.

UNCERTAINTY
- The supplied case material does not establish whether a prior opportunity was afforded to the opposing party to rectify the alleged defect.","Not generally, if the workman is covered under industrial/labour welfare legislation applicable to 'workmen' -- termination of a workman (retrenchment) for reasons other than as a punishment for misconduct generally requires compliance with conditions such as notice or pay in lieu of notice, retrenchment compensation, and (for industrial establishments above a specified size) prior permission or notice to the appropriate government, in addition to the 'last come, first go' principle where applicable. Whether a specific employee qualifies as a 'workman' under the applicable law, and which conditions apply, depends on the nature of their role and the size/type of the establishment.",INCORRECT,incorrect,0,5,false,False,False,false,False,GROUNDED_STATUTORY,ANSWERABLE,True,Low semantic agreement with reference answer.,"The Bharatiya Nagarik Suraksha Sanhita, 2023 s.144 ('Order for maintenance of wives, children and parents.') | The Bharatiya Nagarik Suraksha Sanhita, 2023 s.160 ('Procedure on order being made absolute and consequences of disobedience.') | The Bharatiya Nagarik Suraksha Sanhita, 2023 s.183 ('Recording of confessions and statements.') | The Bharatiya Nagarik Suraksha Sanhita, 2023 s.145 ('Procedure.') | The Bharatiya Nyaya Sanhita, 2023 s.316 ('Criminal breach of trust.')"
eval_097,Labour Law,medium,Is an employee entitled to gratuity only after completing a minimum period of continuous service?,"LEGAL ISSUES
- Entitlement to gratuity requires completion of a minimum period of continuous service.

ANALYSIS
EVIDENCE GATHERED:
- The supplied case material contains the client brief and primary documents.

LEGAL AUTHORITY / STATUTORY CONTEXT:
- Statutory Framework: Under Section 10 of the Payment of Gratuity Act, 1972, an employee becomes eligible for gratuity only after completing at least five years of continuous service.
- Applicable Statutory Presumption: Continuous service is calculated based on actual days worked, excluding periods of authorized leave.

UNCERTAINTY
- The supplied case material does not establish whether the employer has raised a written objection to the claim on this ground.

NEXT STEPS
- Obtain certified copies of all institutional registers and decisions.
- Frame formal legal issues and identify key exhibits.","Generally, yes -- under the Payment of Gratuity Act, gratuity is ordinarily payable to an employee who has rendered continuous service of a minimum specified period (currently five years) on termination of employment due to superannuation, retirement, resignation, death, or disablement, with the minimum-service condition generally waived in cases of death or disablement. The exact minimum period and any special relaxations should be checked against the current statutory text and applicable notifications.",PARTIALLY_CORRECT,partial,1,9,false,False,False,false,False,GROUNDED_STATUTORY,ANSWERABLE,False,None,"The Bharatiya Nyaya Sanhita, 2023 s.293 ('Continuance of nuisance after injunction to discontinue.') | The Bharatiya Nyaya Sanhita, 2023 s.8 ('Amount of fine, liability in default of payment of fine, etc.') | The Bharatiya Nagarik Suraksha Sanhita, 2023 s.67 ('Procedure when service cannot be effected as before provided.') | The Bharatiya Nagarik Suraksha Sanhita, 2023 s.396 ('Victim compensation scheme.') | The Bharatiya Nagarik Suraksha Sanhita, 2023 s.144 ('Order for maintenance of wives, children and parents.')"
eval_098,Labour Law,medium,Can an employer enforce an employment bond that requires an employee to pay a very large penalty if they resign before a certain period?,"Insufficient authoritative source coverage: the requested provision falls under the Indian Contract Act, 1872, which is outside the current LegalAI statutory database. The current database exclusively indexes: The Bharatiya Nyaya Sanhita, 2023, The Bharatiya Nagarik Suraksha Sanhita, 2023, and The Bharatiya Sakshya Adhiniyam, 2023. I cannot verify the applicable statutory provision from the available authoritative sources.","Not automatically, and not for any amount. Under Section 74 of the Indian Contract Act, if a contract fixes a stipulated sum for breach, the aggrieved party (here, the employer) is entitled only to reasonable compensation not exceeding the amount named, not automatically the full stipulated penalty; courts scrutinise such employment bonds and will not enforce a penalty that is unconscionable, punitive, or disproportionate to the employer's actual loss (such as training costs actually incurred), even if the bond nominally specifies a large fixed amount.",JUSTIFIED_ABSTENTION,correct,2,11,false,False,False,false,False,INSUFFICIENT_RETRIEVAL,OUT_OF_CORPUS,False,None,NO_STATUTORY_SOURCES_RETRIEVED
eval_099,Labour Law,hard,"With the introduction of the new labour codes (such as the Code on Wages, 2019, and others), have all provisions of the earlier labour laws like the Industrial Disputes Act, 1947 been repealed and replaced nationwide?","Insufficient authoritative source coverage: the requested provision falls under the Industrial Disputes Act / Payment of Wages / Gratuity Act, which is outside the current LegalAI statutory database. The current database exclusively indexes: The Bharatiya Nyaya Sanhita, 2023, The Bharatiya Nagarik Suraksha Sanhita, 2023, and The Bharatiya Sakshya Adhiniyam, 2023. I cannot verify the applicable statutory provision from the available authoritative sources.","This depends on the current status of notification and implementation. India has enacted four labour codes intended to consolidate numerous earlier labour statutes, but the codes' provisions come into force only when notified, and implementation can also depend on the framing of rules by the Central Government and by individual States. As a result, whether the earlier laws (like the Industrial Disputes Act, 1947) stand repealed and replaced in practice, in whole or in part, at any given point in time depends on which provisions/sections have actually been notified and brought into force by that date, and this should be verified against the current notification status rather than assumed.",JUSTIFIED_ABSTENTION,correct,2,11,false,False,False,false,False,INSUFFICIENT_RETRIEVAL,OUT_OF_CORPUS,False,None,NO_STATUTORY_SOURCES_RETRIEVED
eval_100,Arbitration/Civil Procedure,easy,"If parties have an arbitration clause in their contract, can one party still directly file a civil suit in court instead of going to arbitration?","ANALYSIS
Based on the supplied record, the retrieved statutory provisions do not establish a direct statutory basis for the proposition that a party can bypass arbitration and directly file a civil suit in court. The supplied materials do not contain a specific statutory section addressing this exact legal point.

EVIDENCE GAPS
- The supplied materials do not establish whether a prior notice was served.
- The supplied materials do not establish whether a demand for rectification was issued.

NEXT STEPS
- Obtain certified copies of all institutional registers and notices on record.
- Frame specific legal issues and identify exactly where in the applicable code each is located.","Generally, if a valid arbitration agreement exists covering the dispute, and the other party raises the objection at the appropriate stage (not later than submitting its first statement on the substance of the dispute), the court is required to refer the parties to arbitration, provided it finds that a valid arbitration agreement exists. A party is not barred from filing a suit, but the other side can apply to have the matter referred to arbitration, and courts generally give effect to a valid arbitration clause rather than allowing the suit to proceed on the merits.",INCORRECT,incorrect,0,7,false,False,False,false,False,GROUNDED_STATUTORY,ANSWERABLE,True,Low semantic agreement with reference answer.,"The Bharatiya Sakshya Adhiniyam, 2023 s.16 ('Admission by party to proceeding or his agent.') | The Bharatiya Sakshya Adhiniyam, 2023 s.21 ('Admissions in civil cases when relevant.') | The Bharatiya Sakshya Adhiniyam, 2023 s.95 ('Exclusion of evidence of oral agreement.') | The Bharatiya Sakshya Adhiniyam, 2023 s.133 ('Privilege not waived by volunteering evidence.') | The Bharatiya Nagarik Suraksha Sanhita, 2023 s.165 ('Power to attach subject of dispute and to appoint receiver.')"
eval_101,Arbitration/Civil Procedure,medium,On what limited grounds can an arbitral award be challenged/set aside by a court in India?,"LEGAL ISSUES
- On what limited grounds can an arbitral award be challenged/set aside by a court in India?

ANALYSIS
APPLICABLE STATUTORY AID:
- Section 34(3) of the Arbitration and Conciliation Act, 1996 provides that an award is binding on the parties and enforceable as a decree of the court once it becomes final and conclusive.

EVIDENCE GAPS
- The supplied case material does not establish whether an application under Section 34 of the Arbitration and Conciliation Act has been filed.

NEXT STEPS
- Obtain certified copies of institutional registers and records to verify entries and notices served.

UNCERTAINTY
- The supplied case material does not establish whether additional interim reliefs were sought in the pleadings.","An arbitral award can be set aside only on limited, specified grounds -- such as incapacity of a party, invalidity of the arbitration agreement, lack of proper notice of appointment of the arbitrator or of the arbitral proceedings, the award dealing with a dispute not falling within the terms of submission to arbitration, improper composition of the tribunal or procedure, the subject matter not being capable of settlement by arbitration, or the award being in conflict with the public policy of India (which itself is narrowly construed by courts, generally limited to matters like fraud, corruption, contravention of fundamental policy of Indian law, or conflict with basic notions of justice/morality). Courts generally cannot re-examine the merits of the dispute as if hearing an appeal.",INCORRECT,incorrect,0,7,false,False,False,false,False,GROUNDED_STATUTORY,ANSWERABLE,True,Low semantic agreement with reference answer.,"The Bharatiya Nagarik Suraksha Sanhita, 2023 s.99 ('Application to High Court to set aside declaration of forfeiture.') | The Bharatiya Nagarik Suraksha Sanhita, 2023 s.516 ('Exclusion of time in certain cases.') | The Bharatiya Nagarik Suraksha Sanhita, 2023 s.399 ('Compensation to persons groundlessly arrested.') | The Bharatiya Nagarik Suraksha Sanhita, 2023 s.519 ('Extension of period of limitation in certain cases.') | The Bharatiya Nagarik Suraksha Sanhita, 2023 s.273 ('Compensation for accusation without reasonable cause.')"
eval_102,Arbitration/Civil Procedure,medium,What is the general limitation period for filing a suit for recovery of money based on a written contract?,"LEGAL ISSUES
- What is the general limitation period for filing a suit for recovery of money based on a written contract?

ANALYSIS
EVIDENCE GATHERED:
- The client provided primary documents and affidavits detailing the transaction history and notices served.

APPLICABLE STATUTORY AID:
- Limitation Period: Under Section 6 of the Limitation Act, 1963, a suit for recovery of a sum of money payable under a contract runs from the date of the default, typically 3 years from the date of demand.

UNCERTAINTY
- The supplied case material does not establish whether interim protective orders were obtained.

NEXT STEPS
- Obtain certified copies of institutional registers and verify the exact dates of dispatch and receipt.

LAWYER QUERY:
Conduct a critical legal review of the primary documents on record, noting execution, registration, and clause-level implications.","The general limitation period for filing a suit for recovery of money due on a written contract is three years from the date the right to sue accrues (typically the date of default or breach), under the general Limitation Act provisions applicable to contracts, unless a different, specific limitation period is prescribed for that particular type of claim. If the suit is filed after this period, it is generally barred, subject to specific provisions on extension of limitation (such as acknowledgment of debt or, in limited situations, condonation of delay where permitted).",CORRECT,correct,2,9,false,False,False,false,False,GROUNDED_STATUTORY,ANSWERABLE,False,None,"The Bharatiya Nagarik Suraksha Sanhita, 2023 s.514 ('Bar to taking cognizance after lapse of period of limitation.') | The Bharatiya Nagarik Suraksha Sanhita, 2023 s.519 ('Extension of period of limitation in certain cases.') | The Bharatiya Nagarik Suraksha Sanhita, 2023 s.515 ('Commencement of period of limitation.') | The Bharatiya Nagarik Suraksha Sanhita, 2023 s.513 ('Definitions.') | The Bharatiya Nagarik Suraksha Sanhita, 2023 s.516 ('Exclusion of time in certain cases.')"
eval_103,Arbitration/Civil Procedure,hard,"What is the difference between a decree and a judgment under the Code of Civil Procedure, 1908?","Insufficient authoritative source coverage: the requested provision falls under the Arbitration and Conciliation Act, 1996 / Code of Civil Procedure, 1908, which is outside the current LegalAI statutory database. The current database exclusively indexes: The Bharatiya Nyaya Sanhita, 2023, The Bharatiya Nagarik Suraksha Sanhita, 2023, and The Bharatiya Sakshya Adhiniyam, 2023. I cannot verify the applicable statutory provision from the available authoritative sources.","A judgment is the statement given by a judge on the grounds of a decree or order, containing the court's reasoning and findings. A decree is the formal expression of an adjudication that conclusively determines the rights of the parties with regard to all or any of the matters in controversy in the suit, and can be preliminary or final; a decree is what is actually executable and appealable as a decree, whereas the judgment is the reasoned document leading up to it. Not every judgment necessarily results immediately in a final decree (for example, in suits requiring further proceedings, a preliminary decree may be passed first).",JUSTIFIED_ABSTENTION,correct,2,11,false,False,False,false,False,INSUFFICIENT_RETRIEVAL,OUT_OF_CORPUS,False,None,NO_STATUTORY_SOURCES_RETRIEVED
eval_104,Mixed / Real-World Scenario,medium,A person's employer deducts a sum from their salary every month labelled 'professional tax'. Is this deduction lawful?,"LEGAL ISSUES
- Whether a deduction labelled 'professional tax' from salary is lawful.

ANALYSIS
APPLICABLE STATUTORY AID:
- Statutory Aid: Section 273 of the Bharatiya Nagarik Suraksha Sanhita, 2023 governs Compensation for accusation without reasonable cause.

EVIDENCE GAPS
- The supplied case material does not establish whether the deduction is authorized by a valid statute.

NEXT STEPS
- Obtain certified copies of relevant orders and agreements.
- Frame specific legal issues and identify corresponding evidentiary exhibits.","Professional tax is a tax levied by certain State Governments (not all states levy it) on persons earning an income from employment, profession, trade, or calling, and employers are generally required by the applicable state law to deduct it from an employee's salary and remit it to the state government, subject to state-specific slabs and an overall cap prescribed under Article 276 of the Constitution (which limits the total amount of professional tax payable by a person in a year). Whether this specific deduction is lawful depends on whether the applicable state actually levies professional tax, whether the amount deducted matches the state's prescribed slab, and whether it is being properly remitted -- an employee can ask the employer for the applicable state notification/slab and payment proof if in doubt.",PARTIALLY_CORRECT,partial,1,9,false,False,False,false,False,GROUNDED_STATUTORY,ANSWERABLE,False,None,"The Bharatiya Sakshya Adhiniyam, 2023 s.132 ('Professional communications.') | The Bharatiya Nyaya Sanhita, 2023 s.316 ('Criminal breach of trust.') | The Bharatiya Nyaya Sanhita, 2023 s.2 ('Definitions.') | The Bharatiya Nyaya Sanhita, 2023 s.2 ('Definitions.') | The Bharatiya Nagarik Suraksha Sanhita, 2023 s.273 ('Compensation for accusation without reasonable cause.')"
eval_105,Mixed / Real-World Scenario,medium,"A person paid a builder for a flat, and possession is now several months overdue beyond the date promised in the agreement for sale. What does the law generally allow such a buyer to do?","FACTS
- A person paid a builder for a flat, and possession is now several months overdue beyond the date promised in the agreement for sale. What does the law generally allow such a buyer to do?

LEGAL ISSUES
- What rights does a buyer have when possession of a purchased flat is delayed beyond the promised date?

ANALYSIS
APPLICABLE STATUTORY PRINCIPLES:
- Under Section 18 of the Real Estate (Regulation and Development) Act, 2016, a buyer who has paid more than 75% of the agreed sale consideration is entitled to seek specific performance of the agreement, meaning the builder must complete the project and hand over possession as promised.
- If the builder fails to comply, the buyer can file a complaint with the Real Estate Regulatory Body (RERA) and seek a court order for specific performance or refund of the consideration paid, along with interest and compensation for delayed possession.

UNCERTAINTY
- The supplied case material does not establish whether the builder has entered into a compromise settlement with the buyer.

NEXT STEPS
- Advise client on filing a specific performance suit or lodging a complaint with RERA.

EVIDENCE GAPS
- Missing primary contracts or contemporaneous written communications between the parties.","Under Section 18(1) of the Real Estate (Regulation and Development) Act, 2016, if a promoter fails to complete or is unable to give possession of an apartment in accordance with the terms of the agreement for sale, the allottee has the option to either withdraw from the project and claim a refund of the amount paid along with interest, or to continue with the project, in which case the promoter must pay interest for every month of delay until possession is handed over. The exact interest rate is fixed by the rules of the relevant State's Real Estate Regulatory Authority, not by a fixed figure in the Act itself, so the applicable state rules should be checked for the precise rate.",CORRECT,correct,2,9,false,False,False,false,False,GROUNDED_STATUTORY,ANSWERABLE,False,None,"The Bharatiya Nagarik Suraksha Sanhita, 2023 s.499 ('Payment to innocent purchaser of money found on accused.') | The Bharatiya Nyaya Sanhita, 2023 s.219 ('Obstructing sale of property offered for sale by authority of public servant.') | The Bharatiya Nagarik Suraksha Sanhita, 2023 s.88 ('Release, sale and restoration of attached property.') | The Bharatiya Nyaya Sanhita, 2023 s.220 ('Illegal purchase or bid for property offered for sale by authority of public servant.') | The Bharatiya Nagarik Suraksha Sanhita, 2023 s.504 ('Procedure where no claimant appears within six months.')"
eval_106,Mixed / Real-World Scenario,hard,"A small business owner receives a formal notice from a secured lender demanding repayment within 60 days, failing which the lender may take possession of mortgaged assets, after several loan installments were missed. What is this process, and what options does the borrower have?","LEGAL ISSUES
- Applicable statutory framework governing enforcement and recovery.

ANALYSIS
EVIDENCE GATHERED:
- The supplied case material contains the client brief and primary documents.

LEGAL AUTHORITY
APPLICABLE STATUTORY CONTEXT:
- Statutory Framework: The process described is governed by Sections 13 and 14 of the SARFAESI Act, 2002. Section 13 requires the secured creditor to issue a written demand notice specifying the total loan amount due, interest accrued, and the 60-day timeline for repayment. Failure to repay within this period allows the creditor to initiate possession proceedings under Section 14.

NEXT STEPS
- Advise client on the mandatory procedural route required under the applicable enactment.","This describes the process under the SARFAESI Act, which allows certain secured creditors (typically banks and specified financial institutions) to enforce security interests without first going to court, by issuing a demand notice under Section 13(2) requiring repayment within 60 days, and, if unpaid, taking measures such as taking possession of the secured asset under Section 13(4). A borrower who disputes the classification of the account, the amount claimed, or the manner of enforcement can file an objection/representation to the notice under Section 13(3-A), and if aggrieved by the secured creditor's measures, can approach the Debts Recovery Tribunal under Section 17 of the Act; a borrower is not without a remedy, but the exact procedural options and timelines should be checked against the current provisions.",CORRECT,correct,2,9,false,False,False,false,False,GROUNDED_STATUTORY,ANSWERABLE,False,None,"The Bharatiya Nagarik Suraksha Sanhita, 2023 s.107 ('Attachment, forfeiture or restoration of property.') | The Bharatiya Nagarik Suraksha Sanhita, 2023 s.119 ('Notice of forfeiture of property.') | The Bharatiya Nagarik Suraksha Sanhita, 2023 s.120 ('Forfeiture of property in certain cases.') | The Bharatiya Nagarik Suraksha Sanhita, 2023 s.478 ('In what cases bail to be taken.') | The Bharatiya Nagarik Suraksha Sanhita, 2023 s.88 ('Release, sale and restoration of attached property.')"
eval_107,Mixed / Real-World Scenario,medium,A retail app collects a user's continuous background location without showing any privacy notice or taking consent. What legal issue does this raise?,"LEGAL ISSUES
- Privacy and Data Protection: Collection and usage of personal data without consent violates Sections 26(1) and 27 of the PDP Act, 2019.

ANALYSIS
EVIDENCE GATHERED:
- The supplied case material contains the client brief and primary documents.

LAWYER QUERY:
Conduct a critical legal review of the primary documents on record, noting execution, registration, and clause-level implications.

DOCUMENTARY AUDIT
1. Execution & Validity: Check whether the agreement/order is executed by an authorized signatory with proper authority.
2. Stamping & Registration: Verify compliance with relevant Stamp Act and Registration provisions where applicable.
3. Operative Clauses: Scrutinize termination clauses, dispute resolution covenants, and limitation of liability terms.

UNCERTAINTY
- The supplied case material does not establish whether original documents are in our client's custody.","This raises a notice-and-consent compliance issue under the Digital Personal Data Protection Act, 2023: a data fiduciary is generally required to give the data principal a clear, itemised notice describing what personal data (such as location) is being collected and for what purpose, and to obtain free, specific, informed, and unambiguous consent before or at the time of collection. Collecting continuous background location silently, without such notice and consent, would not meet this standard and could expose the company to enforcement action and financial penalties under the Act.",PARTIALLY_CORRECT,partial,1,9,false,False,False,false,False,GROUNDED_STATUTORY,ANSWERABLE,False,None,"The Bharatiya Nagarik Suraksha Sanhita, 2023 s.35 ('When police may arrest without warrant.') | The Bharatiya Nyaya Sanhita, 2023 s.303 ('Theft.') | The Bharatiya Nyaya Sanhita, 2023 s.77 ('Voyeurism.') | The Bharatiya Sakshya Adhiniyam, 2023 s.132 ('Professional communications.') | The Bharatiya Nyaya Sanhita, 2023 s.211 ('Omission to give notice or information to public servant by person legally bound to give')"
eval_108,Mixed / Real-World Scenario,medium,"A senior citizen's adult child refuses to maintain or take care of them despite having sufficient means, and the senior citizen wants a legal remedy. What options exist?","LEGAL ISSUES
- Applicable statutory provisions and their impact on the matter.

ANALYSIS
EVIDENCE GAPS
- The supplied case material does not establish whether a formal complaint was filed or if an FIR was registered.

NEXT STEPS
- Obtain certified copies of relevant court orders and official records.

UNCERTAINTY
- The supplied case material does not establish whether additional interim applications were filed.","The Maintenance and Welfare of Parents and Senior Citizens Act, 2007 allows a senior citizen (or a parent) who is unable to maintain themselves to apply to a Maintenance Tribunal for an order directing their children or relatives (who would inherit their property) to pay a monthly allowance for maintenance. The Act also allows a senior citizen who has transferred property to a relative on the condition of being maintained, and is not being so maintained, to seek that the transfer be declared void by the Tribunal in certain circumstances, in addition to providing for protection of life and property and establishment of old-age homes.",INCORRECT,incorrect,0,5,false,False,False,false,False,GROUNDED_STATUTORY,ANSWERABLE,True,Low semantic agreement with reference answer.,"The Bharatiya Nagarik Suraksha Sanhita, 2023 s.144 ('Order for maintenance of wives, children and parents.') | The Bharatiya Nyaya Sanhita, 2023 s.93 ('Exposure and abandonment of child under twelve years of age, by parent or person having') | The Bharatiya Nyaya Sanhita, 2023 s.137 ('Kidnapping.') | The Bharatiya Nagarik Suraksha Sanhita, 2023 s.208 ('Offence committed outside India.') | The Bharatiya Nagarik Suraksha Sanhita, 2023 s.144 ('Order for maintenance of wives, children and parents.')"
eval_109,Mixed / Real-World Scenario,hard,"An RTI application is filed with a public authority, but no response is received within the statutory time limit. What can the applicant do?","LEGAL ISSUES
- Applicable statutory framework governing delayed official response to RTI request.

ANALYSIS
APPLICABLE STATUTORY AID:
- Under Section 7(6) of the Right to Information Act, 2005, if an information request is not responded to within the prescribed time limit, the request is deemed to have been rejected on the 61st day.

UNCERTAINTY
- The supplied case material does not establish whether a First Appeal was filed before the Central Information Commission.

NEXT STEPS
- Advise client on approaching the Central Information Commission with a First Appeal challenging the deemed rejection.

EVIDENCE GAPS
- Missing primary documents or affidavits detailing the exact dates of dispatch and receipt.","Under the Right to Information Act, 2005, a Public Information Officer is generally required to respond to a request within thirty days of receipt (or forty-eight hours for information concerning life or liberty, and a somewhat longer period if the request has to be transferred or if it involves a third party). If no response is received within the prescribed time, the request is deemed to have been refused, and the applicant can file a first appeal to the departmental appellate authority within the specified period, and, if still unsatisfied, a second appeal to the State or Central Information Commission, as applicable; the Information Commission also has the power to impose a penalty on the Public Information Officer for unreasonable delay or unjustified refusal.",CORRECT,correct,2,9,false,False,False,false,False,GROUNDED_STATUTORY,ANSWERABLE,False,None,"The Bharatiya Nagarik Suraksha Sanhita, 2023 s.516 ('Exclusion of time in certain cases.') | The Bharatiya Nagarik Suraksha Sanhita, 2023 s.290 ('Application for plea bargaining.') | The Bharatiya Nyaya Sanhita, 2023 s.209 ('Non-appearance in response to a proclamation under section 84 of Bharatiya Nagarik') | The Bharatiya Nyaya Sanhita, 2023 s.1 ('Short title, commencement and application.') | The Bharatiya Nagarik Suraksha Sanhita, 2023 s.514 ('Bar to taking cognizance after lapse of period of limitation.')"
eval_110,Hallucination Detection,hard,"What is the exact punishment prescribed under 'Section 505A' of the Bharatiya Nyaya Sanhita, 2023 for spreading fake news online?","Section 505A of The Bharatiya Nyaya Sanhita, 2023 was not found in the available legal sources. The Bharatiya Nyaya Sanhita, 2023 contains exactly 358 statutory sections. Therefore, Section 505A does not exist in the official enactment.","This question appears to reference a section number that should not be assumed to exist without verification. Rather than inventing a punishment, the correct response is that the specific existence, numbering, and wording of any such provision should be checked against the current, authoritative text of the BNS before stating a punishment. An AI system should not fabricate a section number, offence description, or penalty merely because the question is phrased as though the section exists.",JUSTIFIED_ABSTENTION,correct,2,11,false,False,False,false,False,INSUFFICIENT_RETRIEVAL,OUT_OF_CORPUS,False,None,NO_STATUTORY_SOURCES_RETRIEVED
eval_111,Hallucination Detection,hard,Which Supreme Court case held that 'the right to Wi-Fi access is a Fundamental Right under Article 21'?,"Insufficient authoritative source coverage: the requested provision falls under the Constitution of India, which is outside the current LegalAI statutory database. The current database exclusively indexes: The Bharatiya Nyaya Sanhita, 2023, The Bharatiya Nagarik Suraksha Sanhita, 2023, and The Bharatiya Sakshya Adhiniyam, 2023. I cannot verify the applicable statutory provision from the available authoritative sources.","There is no well-established, verifiable Supreme Court judgment holding that 'the right to Wi-Fi access' as such is a Fundamental Right under Article 21. An AI system should not invent or attribute a case name and holding of this kind; if it is not confident a specific case exists with this holding, it should say so plainly rather than fabricating a citation. (Separately, courts have recognised a right to internet access in a different, narrower context -- such as in relation to internet shutdowns and the freedom of speech/trade under Articles 19(1)(a) and 19(1)(g) -- but that is a distinct holding from the fabricated claim in this question and should not be conflated with it.)",JUSTIFIED_ABSTENTION,correct,2,11,false,False,False,false,False,INSUFFICIENT_RETRIEVAL,OUT_OF_CORPUS,False,None,NO_STATUTORY_SOURCES_RETRIEVED
eval_112,Hallucination Detection,medium,What is the current GST rate applicable to all goods and services in India as a single flat rate?,"Insufficient authoritative source coverage: the requested provision falls under the Income Tax Act, 1961 / Central Goods and Services Tax Act, 2017, which is outside the current LegalAI statutory database. The current database exclusively indexes: The Bharatiya Nyaya Sanhita, 2023, The Bharatiya Nagarik Suraksha Sanhita, 2023, and The Bharatiya Sakshya Adhiniyam, 2023. I cannot verify the applicable statutory provision from the available authoritative sources.","There is no single flat GST rate applicable to all goods and services in India; GST operates on a multi-slab structure with different rates for different categories of goods and services (in addition to certain exempt categories and special rates for specific items), and these slabs and rates can be revised from time to time by the GST Council through notifications. An AI system should not state a single flat rate as if it were fixed and universal, and should instead note that the current applicable rate for a specific good or service should be checked against the latest GST Council notification.",JUSTIFIED_ABSTENTION,correct,2,11,false,False,False,false,False,INSUFFICIENT_RETRIEVAL,OUT_OF_CORPUS,False,None,NO_STATUTORY_SOURCES_RETRIEVED
eval_113,Hallucination Detection,medium,Quote the exact wording of 'Section 302B' of the Bharatiya Nyaya Sanhita dealing with cyber-terrorism.,"The available legal sources do not provide sufficient information to verify this point. This was not found in the available legal sources (Bharatiya Nyaya Sanhita, 2023, Bharatiya Nagarik Suraksha Sanhita, 2023, and Bharatiya Sakshya Adhiniyam, 2023).","This appears to reference a specific section number and subject-matter combination that should not be assumed correct without verification against the actual text of the BNS. Rather than fabricating a quotation, the correct approach is to state that the exact section number and wording addressing cyber-terrorism-type conduct (which, depending on the facts, might fall under distinct terrorism-related or IT Act provisions rather than this specific cited section) should be verified against the authoritative statutory text before being quoted or relied upon.",JUSTIFIED_ABSTENTION,correct,2,11,false,False,False,false,False,INSUFFICIENT_RETRIEVAL,INSUFFICIENT_RETRIEVAL,False,None,NO_STATUTORY_SOURCES_RETRIEVED
eval_114,Hallucination Detection,medium,Is it true that 'first-time offenders under the BNS are always granted probation instead of jail time' as a fixed statutory rule?,"LEGAL ISSUES
- Is it true that 'first-time offenders under the BNS are always granted probation instead of jail time' as a fixed statutory rule?

ANALYSIS
EVIDENCE GAPS
- The supplied case material does not establish whether the accused has a prior criminal record.

STATUTORY AUDIT
- Statutory Axiom: Probation is discretionary, not automatic, under Section 304 BNSS, and depends on the court's assessment of the offender's background and likelihood of reform.
- Applied Legal Reasoning: The assertion that first-time offenders are automatically granted probation is legally incorrect. Probation is granted based on judicial discretion and the individual circumstances of each case.

UNCERTAINTY
- Without specific details of the accused's criminal history, it is impossible to determine whether probation would be granted in this case.

NEXT STEPS
- Obtain certified copies of the accused's criminal record to establish eligibility for probation.

UNCERTAINTY
- The supplied case material does not establish whether the accused has a prior criminal record.","No, this is not an accurate general statement of a fixed rule. While Indian law does have provisions allowing courts to release certain offenders on probation instead of sentencing them to imprisonment (generally for less serious offences and subject to the court's discretion, the offender's antecedents, and the nature of the offence), this is a discretionary possibility in appropriate cases under the applicable probation law, not an automatic entitlement that applies to 'first-time offenders' as a blanket rule under the BNS. An AI system should avoid stating this kind of sweeping, inaccurate generalisation as if it were a fixed statutory guarantee.",PARTIALLY_CORRECT,partial,1,9,false,False,False,false,False,GROUNDED_STATUTORY,ANSWERABLE,False,None,"The Bharatiya Nyaya Sanhita, 2023 s.11 ('Solitary confinement.') | The Bharatiya Nyaya Sanhita, 2023 s.4 ('Punishments.') | The Bharatiya Nyaya Sanhita, 2023 s.64 ('Punishment for rape.') | The Bharatiya Nyaya Sanhita, 2023 s.71 ('Punishment for repeat offenders.') | The Bharatiya Nyaya Sanhita, 2023 s.303 ('Theft.')"
eval_115,Cross-Domain,hard,"A consumer buys a defective product online, the seller refuses a refund, and the consumer also suspects the seller's website used a fake payment gateway to steal card details. Which laws could potentially be relevant, and would the consumer need to choose only one?","EVIDENCE GATHERING
- Gather documentary evidence, electronic records, and written communications between the parties.

ANALYSIS
APPLICABLE STATUTORY AID:
- The Bharatiya Nyaya Sanhita, 2023, Section 318: Cheating.
- The Bharatiya Sakshya Adhiniyam, 2023, Section 136: Production of documents or electronic records which another person, having possession,.
- The Bharatiya Sakshya Adhiniyam, 2023, Section 168: Judge's power to put questions or order production.
- The Bharatiya Nagarik Suraksha Sanhita, 2023, Section 499: Payment to innocent purchaser of money found on accused.

LEGAL ISSUES
- Whether the consumer can invoke both the Consumer Protection Act, 2019 and the Information Technology Act, 2000 concurrently.

LAWYER QUERY:
Conduct a critical legal review of the primary documents on record, noting execution, registration, and clause-level implications.","This fact pattern potentially engages more than one area of law simultaneously: the defective product and refusal to refund could be pursued as a consumer complaint under the Consumer Protection Act, 2019 (including its specific e-commerce provisions), while the suspected fake payment gateway and card-detail theft could separately raise issues under the Information Technology Act, 2000 (relevant provisions dealing with computer-related fraud/cheating) and potentially the BNS provisions on cheating, along with a complaint to the bank regarding unauthorized transactions. These are not mutually exclusive; a consumer can pursue a consumer complaint for the product/refund issue and a separate cybercrime complaint for the alleged card-detail theft, since they arise from different aspects of the same overall episode.",CORRECT,correct,2,9,false,False,False,false,False,GROUNDED_STATUTORY,ANSWERABLE,False,None,"The Bharatiya Nyaya Sanhita, 2023 s.318 ('Cheating.') | The Bharatiya Sakshya Adhiniyam, 2023 s.136 ('Production of documents or electronic records which another person, having possession,') | The Bharatiya Sakshya Adhiniyam, 2023 s.168 ('Judge's power to put questions or order production.') | The Bharatiya Nagarik Suraksha Sanhita, 2023 s.499 ('Payment to innocent purchaser of money found on accused.')"
eval_116,Cross-Domain,medium,"A company director signs a cheque on behalf of the company that later bounces due to insufficient funds, and the company also faces a consumer complaint for the same defective goods transaction. Are these two separate proceedings, or does one displace the other?","LEGAL ISSUES
- Whether the proceedings for cheque dishonour and consumer complaint are separate or overlapping.

ANALYSIS
EVIDENCE GATHERED:
- The client provided primary documents and affidavits detailing the dispute.

APPLICABLE STATUTORY AID:
- Statutory Framework: Under Section 246 of the Bharatiya Nagarik Suraksha Sanhita, 2023, a company director signing a cheque that subsequently bounces and a consumer complaint for the same transaction can be tried together as they arise out of the same transaction.

UNCERTAINTY
- The supplied case material does not establish whether a written complaint has been lodged with the relevant authority.

NEXT STEPS
- Obtain certified copies of institutional registers to support the timeline of the dispute.

LAWYER QUERY:
Conduct a critical legal review of the primary documents on record, noting execution, registration, and clause-level implications.","These are generally treated as two separate and independent proceedings, because they address different legal wrongs: the cheque-bounce issue would be pursued as a criminal complaint under Section 138 of the Negotiable Instruments Act, 1881 (with potential liability extending to the director under Section 141 if they were in charge of and responsible for the business), while the consumer complaint about defective goods would be pursued separately under the Consumer Protection Act, 2019. Pursuing one does not automatically bar or subsume the other, as they involve different causes of action, though the underlying facts may overlap.",PARTIALLY_CORRECT,partial,1,9,false,False,False,false,False,GROUNDED_STATUTORY,ANSWERABLE,False,None,"The Bharatiya Nagarik Suraksha Sanhita, 2023 s.65 ('Service of summons on corporate bodies, firms, and societies.') | The Bharatiya Nagarik Suraksha Sanhita, 2023 s.342 ('Procedure when corporation or registered society is an accused.') | The Bharatiya Nagarik Suraksha Sanhita, 2023 s.219 ('Prosecution for offences against marriage.') | The Bharatiya Nagarik Suraksha Sanhita, 2023 s.379 ('Procedure in cases mentioned in section 215.') | The Bharatiya Nagarik Suraksha Sanhita, 2023 s.246 ('What persons may be charged jointly.')"
eval_117,Cross-Domain,hard,"A landlord wants to evict a tenant who has stopped paying rent, and separately believes the tenant sent a threatening message over WhatsApp. Should these two issues be combined into a single case?","ANALYSIS
Based on the supplied facts and applicable statutory framework, the correct procedural route is as follows:

1. Separate Jurisdictional Foundation: Each issue arises under a distinct statutory scheme — the tenancy matter falls under civil jurisdiction, while the threat constitutes a criminal offence under the Bharatiya Nyaya Sanhita, 2023.
2. Sequential Statutory Verification: Verify statutory thresholds under the Bharatiya Nyaya Sanhita, 2023 and Bharatiya Nagarik Suraksha Sanhita, 2023 before approaching the court.
3. Applicable Legal Principles: Separating the claims ensures compliance with standing orders and prevents potential dismissal on grounds of mixed jurisdiction.

EVIDENCE
- Primary documents and affidavits filed by parties.

LEGALY STRATEGY
- Advise client on mandatory pre-litigation steps and jurisdictional prerequisites.","No, generally these are two distinct legal matters that would ordinarily be pursued through separate proceedings: the non-payment-of-rent/eviction issue would typically be addressed through civil proceedings under the Transfer of Property Act (default notice/termination of lease) and/or applicable state Rent Control legislation, while the threatening WhatsApp message could separately raise a criminal complaint (potentially under BNS provisions on criminal intimidation, and/or the IT Act, depending on the exact content), filed with the police. The two matters arise from different facts and different legal frameworks (civil landlord-tenant law versus criminal law) and are not typically combined into a single case.",PARTIALLY_CORRECT,partial,1,7,false,False,False,false,False,GROUNDED_STATUTORY,ANSWERABLE,False,None,"The Bharatiya Sakshya Adhiniyam, 2023 s.122 ('Estoppel of tenant and of licensee of person in possession.') | The Bharatiya Nyaya Sanhita, 2023 s.308 ('Extortion.') | The Bharatiya Nagarik Suraksha Sanhita, 2023 s.243 ('Trial for more than one offence.') | The Bharatiya Nagarik Suraksha Sanhita, 2023 s.85 ('Attachment of property of person absconding.') | The Bharatiya Nagarik Suraksha Sanhita, 2023 s.164 ('Procedure where dispute concerning land or water is likely to cause breach of')"
eval_118,Cross-Domain,medium,A woman facing domestic violence also wants a divorce from her husband. Can she pursue relief under the PWDV Act and file for divorce under the Hindu Marriage Act at the same time?,"Insufficient authoritative source coverage: the requested provision falls under the Hindu Marriage Act, 1955 / Special Marriage Act, 1954 / Succession Acts, which is outside the current LegalAI statutory database. The current database exclusively indexes: The Bharatiya Nyaya Sanhita, 2023, The Bharatiya Nagarik Suraksha Sanhita, 2023, and The Bharatiya Sakshya Adhiniyam, 2023. I cannot verify the applicable statutory provision from the available authoritative sources.","Yes, these are separate and complementary remedies that can generally be pursued simultaneously: the PWDV Act, 2005 provides relatively quicker civil remedies such as protection orders, residence orders, and monetary relief specifically addressing domestic violence, while a divorce petition under the Hindu Marriage Act, 1955 (on an available ground, such as cruelty) addresses the dissolution of the marriage itself. Pursuing PWDV Act remedies does not require first obtaining a divorce, and pursuing a divorce petition does not preclude seeking PWDV Act relief for the domestic violence experienced.",JUSTIFIED_ABSTENTION,correct,2,11,false,False,False,false,False,INSUFFICIENT_RETRIEVAL,OUT_OF_CORPUS,False,None,NO_STATUTORY_SOURCES_RETRIEVED
eval_119,Cross-Domain,hard,"An employee is dismissed from a private company after being falsely accused of theft of office property, and the company also files a police complaint. Does an acquittal in the criminal case automatically mean the dismissal from employment was illegal?","LEGAL ISSUES
- Whether an acquittal in a criminal case automatically invalidates an employment termination decision.

ANALYSIS
APPLICABLE STATUTORY AID:
- Statutory Provision: The Bharatiya Nyaya Sanhita, 2023, Section 316: Criminal breach of trust.
- Statutory Source / Forum: Official Government of India (India Code)

EVIDENCE GAPS
- The supplied case material does not establish whether a disciplinary enquiry was conducted before the termination.

UNCERTAINTY
- The supplied case material does not establish whether a disciplinary enquiry was conducted before the termination.

NEXT STEPS
- Obtain certified copies of institutional registers to verify the existence of a disciplinary enquiry.

LAWYER QUERY:
Conduct a critical legal review of the primary documents on record, noting execution, registration, and clause-level implications.","Not automatically. A criminal acquittal and the legality of a disciplinary dismissal are governed by different standards and different proceedings: a criminal court requires proof of guilt beyond reasonable doubt, while a domestic/departmental disciplinary inquiry into misconduct generally applies a lower standard (such as preponderance of probability) and is examined by labour/industrial forums (if the employee qualifies as a 'workman') primarily for whether principles of natural justice were followed and whether the finding was perverse, not by re-trying the criminal case. So an acquittal in the criminal case does not automatically invalidate a properly conducted disciplinary dismissal, though the facts and any specific findings in the criminal case could still be relevant evidence in a labour dispute.",PARTIALLY_CORRECT,partial,1,9,false,False,False,false,False,GROUNDED_STATUTORY,ANSWERABLE,False,None,"The Bharatiya Nyaya Sanhita, 2023 s.316 ('Criminal breach of trust.') | The Bharatiya Nyaya Sanhita, 2023 s.217 ('False information, with intent to cause public servant to use his lawful power to injury of') | The Bharatiya Nyaya Sanhita, 2023 s.344 ('Falsification of accounts.') | The Bharatiya Nyaya Sanhita, 2023 s.306 ('Theft by clerk or servant of property in possession of master.') | The Bharatiya Nyaya Sanhita, 2023 s.2 ('Definitions.')"
eval_120,Cross-Domain,medium,"A start-up wants to protect both its brand name and its proprietary software algorithm. What different intellectual property protections, if any, would typically apply to each?","FACTS
- Client factual narrative: A start-up wants to protect both its brand name and its proprietary software algorithm. What different intellectual property protections, if any, would typically apply to each?

LEGAL ISSUES
- Intellectual property protection for brand names and proprietary algorithms.

ANALYSIS
APPLICABLE STATUTORY PRINCIPLES:
- Brand Name Protection: The brand name would be protected under the Trade Marks Act, 1999, which governs the registration and enforcement of trademarks for goods and services.
- Proprietary Algorithm Protection: The proprietary software algorithm would be protected under the Copyright Act, 1957, which governs the registration and enforcement of copyright in literary works, including computer programs.

EVIDENCE
- Primary documents and affidavits filed by parties.

LAWYER QUERY
Conduct a critical legal review of the primary documents on record, noting execution dates, registration history, and clause-level implications.","The brand name would typically be protected through trademark registration under the Trade Marks Act, 1999, which protects distinctive marks used to identify goods/services in trade. The proprietary software algorithm, on the other hand, is generally not eligible for patent protection as such because computer programmes 'per se' and algorithms are excluded from patentability under the Patents Act, though the underlying source code itself is automatically protected by copyright as a literary work under the Copyright Act; in some cases, a broader software-related invention with a genuine technical effect tied to specific hardware might be separately assessed for patent eligibility, but that is a narrower, fact-specific question.",PARTIALLY_CORRECT,partial,1,7,false,False,False,false,False,GROUNDED_STATUTORY,ANSWERABLE,False,None,"The Bharatiya Nyaya Sanhita, 2023 s.2 ('Definitions.') | The Bharatiya Nyaya Sanhita, 2023 s.225 ('Threat of injury to induce person to refrain from applying for protection to public') | The Bharatiya Nagarik Suraksha Sanhita, 2023 s.42 ('Protection of members of Armed Forces from arrest.')"
eval_121,Cross-Domain,hard,"A person is arrested for an offence allegedly committed in May 2024, but during the investigation in August 2024 new evidence emerges suggesting a separate offence was also committed in August 2024. How should the applicable law be determined for each alleged offence?","LEGAL ISSUES
- Applicable statutory framework governing multiple offences in a single transaction.

ANALYSIS
APPLICABLE STATUTORY AID:
- Statutory Provision: Section 243 of the Bharatiya Nagarik Suraksha Sanhita, 2023 allows charging and trying a person for multiple offences arising from the same transaction at one trial.

UNCERTAINTY
- The supplied case material does not establish whether the alleged offences are part of the same transaction.

NEXT STEPS
- Obtain certified copies of relevant court records.
- Frame specific legal issues and formulate the trial brief.","Each alleged offence should be assessed separately based on the date it was allegedly committed: the May 2024 offence would generally be governed by the substantive provisions of the Indian Penal Code, 1860, as it stood at that time (consistent with the constitutional bar on retrospective criminal liability under Article 20(1)), while the August 2024 offence, occurring after the BNS came into force on 1 July 2024, would generally be governed by the corresponding BNS provisions. Procedurally, investigation and trial steps taken after 1 July 2024 for both alleged offences would generally follow BNSS procedure, subject to the applicable transitional/saving provisions -- the two offences should not automatically be treated under the same substantive law merely because they are being investigated together.",CORRECT,correct,2,7,false,False,False,false,False,TEMPORAL_TRANSITION_APPLIED,TEMPORALLY_UNCERTAIN,False,None,"The Bharatiya Nagarik Suraksha Sanhita, 2023 s.243 ('Trial for more than one offence.') | The Bharatiya Nagarik Suraksha Sanhita, 2023 s.2 ('Definitions.') | The Bharatiya Nagarik Suraksha Sanhita, 2023 s.4 ('Trial of offences under Bharatiya Nyaya Sanhita, 2023 and other laws.') | The Bharatiya Nyaya Sanhita, 2023 s.2 ('Definitions.') | The Bharatiya Nagarik Suraksha Sanhita, 2023 s.187 ('Procedure when investigation cannot be completed in twenty-four hours.')"
eval_122,Cross-Domain,medium,"A senior citizen who transferred their house to their son on the condition of being taken care of is now being neglected by the son. Does the Senior Citizens Act give any remedy regarding the property itself, in addition to maintenance?","LEGAL ISSUES
- Whether the Senior Citizens Act gives any remedy regarding the property itself, in addition to maintenance.

ANALYSIS
EVIDENCE GATHERED:
- The client has provided primary documents and affidavits on record.

LEGAL AUTHORITY / STATUTORY CONTEXT:
- Applicable statutory framework: Yes, the Senior Citizens Act provides a specific remedy regarding the property itself. Section 23(1)(c) allows a Magistrate to order the transfer of immovable property to the child, grandchild, or other relative who neglected the senior citizen, to secure the maintenance of the senior citizen, in addition to the maintenance order under Section 18.

UNCERTAINTY
- The supplied case material does not establish whether additional documentary exhibits were tendered during the trial.

NEXT STEPS
- Obtain certified copies of all institutional orders and records.

CONCLUSION
Based on the supplied record, the Senior Citizens Act provides a specific remedy regarding the property itself, allowing a Magistrate to order the transfer of immovable property to secure the maintenance of the senior citizen.","Yes. In addition to seeking a maintenance order, the Maintenance and Welfare of Parents and Senior Citizens Act, 2007 specifically allows a senior citizen who has transferred property (by gift or otherwise) subject to the condition that the transferee would provide basic amenities and physical needs, and the transferee refuses or fails to do so, to apply to the Maintenance Tribunal to have the transfer declared void on the ground that it was obtained by fraud, coercion, or undue influence, or that the condition of maintenance was not honoured, subject to the specific facts and conditions under the Act.",PARTIALLY_CORRECT,partial,1,9,false,False,False,false,False,GROUNDED_STATUTORY,ANSWERABLE,False,None,"The Bharatiya Nagarik Suraksha Sanhita, 2023 s.144 ('Order for maintenance of wives, children and parents.') | The Bharatiya Nyaya Sanhita, 2023 s.338 ('Forgery of valuable security, will, etc.') | The Bharatiya Nagarik Suraksha Sanhita, 2023 s.145 ('Procedure.') | The Bharatiya Nyaya Sanhita, 2023 s.343 ('Fraudulent cancellation, destruction, etc., of will, authority to adopt, or valuable') | The Bharatiya Sakshya Adhiniyam, 2023 s.44 ('Opinion on relationship, when relevant.')"
eval_123,Cross-Domain,hard,A dispute arises out of a commercial contract that contains both an arbitration clause and a consumer-facing warranty claim by an individual buyer. Would the consumer be forced into arbitration for their warranty complaint?,"EVIDENCE
- Primary documents and affidavits on record.

LEGAL ISSUES
- Whether the consumer is bound by arbitration for a warranty claim arising out of a commercial contract.

ANALYSIS
STATUTORY AID:
- Applicable statutory framework: The Bharatiya Nagarik Suraksha Sanhita, 2023 governs the enforceability of arbitration clauses in consumer disputes.

FACTS
- The consumer is seeking redressal for a product defect under the Consumer Protection Act, 2019, while the supplier invokes an arbitration clause in the contract.

LAWYER QUERY:
Map out the specific statutory ingredients required under the applicable enactment and assess whether the standing conditions have been met based on the supplied facts.","Not necessarily. Even where a contract contains an arbitration clause, Indian courts have generally held that a consumer is not compelled to pursue their statutory consumer-protection remedies through arbitration merely because of such a clause, on the reasoning that Consumer Protection Act remedies are in addition to other remedies and consumer disputes involve a public-interest dimension beyond a purely private commercial dispute; the exact outcome can still depend on the specific facts, the nature of the transaction (commercial vs individual/consumer use), and current precedent, so a case-specific check is advisable, particularly if the buyer's use of the goods could be characterised as commercial rather than personal.",PARTIALLY_CORRECT,partial,1,7,false,False,False,false,False,GROUNDED_STATUTORY,ANSWERABLE,False,None,"The Bharatiya Sakshya Adhiniyam, 2023 s.95 ('Exclusion of evidence of oral agreement.') | The Bharatiya Nagarik Suraksha Sanhita, 2023 s.164 ('Procedure where dispute concerning land or water is likely to cause breach of') | The Bharatiya Nagarik Suraksha Sanhita, 2023 s.166 ('Dispute concerning right of use of land or water.') | The Bharatiya Nagarik Suraksha Sanhita, 2023 s.87 ('Claims and objections to attachment.') | The Bharatiya Sakshya Adhiniyam, 2023 s.94 ('Evidence of terms of contracts, grants and other dispositions of property reduced to form of')"
eval_124,Mixed / Real-World Scenario,medium,A person was in a car accident and wants to know whether they can be held criminally liable. Can this be answered definitively without more facts?,"LEGAL ISSUES
- Whether a person involved in a car accident can be held criminally liable.

ANALYSIS
EVIDENCE GAPS
- Missing primary documents or affidavits regarding the date of the accident and the relationship between parties.

APPLICABLE STATUTORY AID
- Statutory Provision: Section 18 of the Bharatiya Nyaya Sanhita, 2023 provides that an accident in doing a lawful act is not an offence if there was no criminal intention or knowledge and proper care was taken.
- Factual Record: The supplied case material does not establish whether the accident occurred before or after 1 July 2024.

UNCERTAINTY
- Without verifying the exact date of the incident and the specific circumstances leading up to the accident, it is not possible to conclusively determine the applicability of the defence under Section 18.

NEXT STEPS
- Obtain certified copies of all court filings and verify the exact dates of events in dispute.

LAWYER QUERY
Conduct a critical legal review of the primary documents on record, noting execution, registration, and clause-level implications.","No, not definitively on the facts given. Criminal liability in a motor accident depends heavily on specifics such as whether there was rash or negligent driving, whether death or grievous hurt resulted, whether the driver was under the influence of alcohol/drugs, whether there was a hit-and-run element, and the driver's state of mind -- these facts determine which offence (if any) is made out and its severity. Without these details, only a general statement of the relevant legal framework (covering rash/negligent driving, causing death by negligence, and related motor vehicle law provisions) can be given, not a definitive conclusion about liability in this specific case.",PARTIALLY_CORRECT,partial,1,9,false,False,False,false,False,GROUNDED_STATUTORY,ANSWERABLE,False,None,"The Bharatiya Sakshya Adhiniyam, 2023 s.99 ('Evidence as to application of language which can apply to one only of several persons.') | The Bharatiya Sakshya Adhiniyam, 2023 s.157 ('Question by party to his own witness.') | The Bharatiya Nyaya Sanhita, 2023 s.18 ('Accident in doing a lawful act.') | The Bharatiya Sakshya Adhiniyam, 2023 s.3 ('Evidence may be given of facts in issue and relevant facts.') | The Bharatiya Sakshya Adhiniyam, 2023 s.119 ('Court may presume existence of certain facts.')"
eval_125,Mixed / Real-World Scenario,medium,Someone wants to know if their upcoming business contract is 'legally safe.' Can this be assessed without seeing the contract?,"ANALYSIS
Based on the supplied record, the query involves a factual scenario requiring evaluation of legal exposure. The supplied materials establish the client's primary concern regarding contractual obligations and statutory compliance.

EVIDENCE GAPS
- The supplied materials do not establish whether the client has obtained certified copies of relevant agreements.

LEGAL ISSUES
- Whether the client is legally exposed regarding the alleged breach of contract.

APPLICABLE STATUTORY PRINCIPLES
- Statutory Framework: Under Sections 19 and 20 of the Arbitration and Conciliation Act, 1996, a party cannot simultaneously pursue civil litigation and arbitration for the same cause of action.
- Factual Assessment Required: The supplied materials do not establish whether notice was served on the opposing party.

NEXT STEPS
- Obtain certified copies of all relevant agreements and notices.
- Advise client on the necessity of filing a formal caveat to stay proceedings.

UNCERTAINTY
- The supplied materials do not establish whether additional interim reliefs were sought.","No, not meaningfully. Whether a contract is 'legally safe' depends on the actual terms used, the specific obligations, the identity and capacity of the parties, applicable sector-specific regulations, and how risk (such as indemnity, liability caps, termination, and dispute-resolution clauses) is allocated -- none of which can be assessed without reviewing the contract itself. General principles of contract law (offer, acceptance, consideration, free consent, lawful object) can be explained, but a genuine risk assessment requires reviewing the specific document, ideally with a lawyer who can also account for the particular industry and transaction context.",INCORRECT,incorrect,0,7,false,False,False,false,False,GROUNDED_STATUTORY,ANSWERABLE,True,Low semantic agreement with reference answer.,"The Bharatiya Nyaya Sanhita, 2023 s.357 ('Breach of contract to attend on and supply wants of helpless person.') | The Bharatiya Sakshya Adhiniyam, 2023 s.94 ('Evidence of terms of contracts, grants and other dispositions of property reduced to form of') | The Bharatiya Sakshya Adhiniyam, 2023 s.95 ('Exclusion of evidence of oral agreement.') | The Bharatiya Nagarik Suraksha Sanhita, 2023 s.359 ('Compounding of offences.') | The Bharatiya Sakshya Adhiniyam, 2023 s.147 ('Evidence as to matters in writing.')"
